task,continent,R2_delta,AEF_R2,PURE_R2,n_countries,n_samples
gdp,Africa,0.04092455494146335,0.7724692949219512,0.8133938498634147,41,861400
gdp,Asia,0.05479838510256409,0.753887773476923,0.8086861585794872,39,3272328
gdp,Europe,0.05602536233142853,0.7961220499714285,0.8521474123028572,35,643031
gdp,Latin America & Caribbean,0.03280251945454542,0.8287911995090909,0.8615937189636363,22,278957
gdp,North America,0.045048117599999896,0.8169416189,0.8619897365,2,356654
gdp,Oceania,0.0421762905333333,0.8097872295999999,0.8519635201333333,3,33063
lst,Africa,0.009451921707317023,0.9076782709121951,0.9171301926195121,41,858750
lst,Asia,0.011323082410256329,0.917220595548718,0.9285436779589744,39,3256456
lst,Europe,0.050210341354285676,0.7652255021085713,0.8154358434628571,35,637319
lst,Latin America & Caribbean,0.009219993836363587,0.9155095886090909,0.9247295824454546,22,275610
lst,North America,0.0059325872999999,0.9399343789000001,0.9458669662,2,354331
lst,Oceania,0.008438420000000033,0.9511075418666667,0.9595459618666666,3,31354
ntl,Africa,0.026884516858536555,0.7379529859658537,0.7648375028243902,41,3444719
ntl,Asia,0.1278141446615384,0.5159620459384616,0.6437761906,39,13094581
ntl,Europe,0.05966934309714281,0.5459427894628571,0.60561213256,35,2573162
ntl,Latin America & Caribbean,0.008527052354545407,0.6913174792363637,0.6998445315909091,22,1113354
ntl,North America,0.0164636911,0.6992991089,0.7157628,2,1426774
ntl,Oceania,0.035003797133333237,0.6228216886666667,0.6578254858,3,132464
pm25,Africa,0.02578919403902435,0.9147979811658538,0.9405871752048781,41,596762
pm25,Asia,0.028667739123076855,0.9194865299948719,0.9481542691179488,39,2268348
pm25,Europe,0.09869809589142854,0.7879903068057144,0.8866884026971429,35,443534
pm25,Latin America & Caribbean,0.029438620790909042,0.8831390495,0.9125776702909092,22,193341
pm25,North America,0.02856319560000005,0.9007034063,0.9292666019,2,246929
pm25,Oceania,0.020656542133333265,0.9119503417333333,0.9326068838666667,3,22666
pop,Africa,0.019262158346341443,0.8333836206243903,0.8526457789707317,41,85220174
pop,Asia,0.017861537179487123,0.7940412432307692,0.8119027804102564,39,322494895
pop,Europe,0.02306107007999997,0.7555166486514285,0.7785777187314286,35,62598661
pop,Latin America & Caribbean,0.007903293636363619,0.8373885642272728,0.8452918578636364,22,27346386
pop,North America,0.012192207599999949,0.7920620561,0.8042542637,2,34689391
pop,Oceania,0.0096884646666666,0.6250757576,0.6347642222666666,3,3114405
