city,target_city,task,r2,r2_seed_sd
bangkok,Bangkok,gdp,0.8584480166435242,0.0231645464954392
bangkok,Bangkok,pop,0.8705501914024353,0.0044487159919644
bangkok,Bangkok,ntl,0.7915264129638672,0.0109730059265384
bangkok,Bangkok,pm25,0.9114272713661192,0.0086652327419414
bangkok,Bangkok,lst,0.8792263746261597,0.008542157661574
chengdu,Chengdu,gdp,0.4788837194442749,0.1053852001679417
chengdu,Chengdu,pop,0.8577033996582031,0.0045763313652254
chengdu,Chengdu,ntl,0.8213744521141052,0.0183713601173891
chengdu,Chengdu,pm25,0.8718617200851441,0.0044178847709085
chengdu,Chengdu,lst,0.8299230694770813,0.0104935587138934
osaka,Osaka,gdp,0.9113026142120362,0.0051302996221712
osaka,Osaka,pop,0.8717270970344544,0.0052632447712584
osaka,Osaka,ntl,0.8243282318115235,0.0108971960439851
osaka,Osaka,pm25,0.8070080041885376,0.0245210246848878
osaka,Osaka,lst,0.9032204151153564,0.004645303578495
mumbai,Mumbai,gdp,0.8477168917655945,0.0228697924799561
mumbai,Mumbai,pop,0.844646668434143,0.0061683188827795
mumbai,Mumbai,ntl,0.8521237134933471,0.0059505356957905
mumbai,Mumbai,pm25,0.4581387996673584,0.0272022333772542
mumbai,Mumbai,lst,0.7870760679244995,0.0155203093642724
melbourne,Melbourne,gdp,0.7714314699172974,0.0889430212938651
melbourne,Melbourne,pop,0.5218629121780396,0.092993441478796
melbourne,Melbourne,ntl,0.7648703336715699,0.0207511026749612
melbourne,Melbourne,pm25,0.7961736559867859,0.0402664197161748
melbourne,Melbourne,lst,0.8441975474357605,0.036747864989874
johannesburg,Johannesburg,gdp,0.7220397353172302,0.0660405705290622
johannesburg,Johannesburg,pop,0.8277344465255737,0.0029619190569503
johannesburg,Johannesburg,ntl,0.668639063835144,0.0151923577038252
johannesburg,Johannesburg,pm25,0.7320334315299988,0.0204905431727085
johannesburg,Johannesburg,lst,0.8753825187683105,0.0105931308042979
nairobi,Nairobi,gdp,0.5730507969856262,0.1507900769281161
nairobi,Nairobi,pop,0.863427746295929,0.0187119068731128
nairobi,Nairobi,ntl,0.8931140542030335,0.0143947423714528
nairobi,Nairobi,pm25,0.8891164302825928,0.0062138864885005
nairobi,Nairobi,lst,0.966173541545868,0.0025073062655993
luanda,Luanda,gdp,0.8414955377578736,0.0248108208284397
luanda,Luanda,pop,0.8801110029220581,0.0121899625882508
luanda,Luanda,ntl,0.812785518169403,0.0436022363901365
luanda,Luanda,pm25,0.8337416887283325,0.0171606239289981
luanda,Luanda,lst,0.7419010162353515,0.0293448100298436
lisbon,Lisbon,gdp,0.7164652705192566,0.0712262191488873
lisbon,Lisbon,pop,0.803043806552887,0.0167858954855234
lisbon,Lisbon,ntl,0.7678987264633179,0.0296707470855101
lisbon,Lisbon,pm25,0.4636227846145629,0.1232974877461743
lisbon,Lisbon,lst,0.6537789225578308,0.0186884940800137
paris,Paris,gdp,0.8880734801292419,0.0236592981813034
paris,Paris,pop,0.8072999238967895,0.0135021263328944
paris,Paris,ntl,0.7430349588394165,0.0269967636885239
paris,Paris,pm25,0.780507504940033,0.0194035006762461
paris,Paris,lst,0.7451892018318176,0.0266030042031639
manchester,Manchester,gdp,0.8449504256248475,0.0244680958146355
manchester,Manchester,pop,0.6390231609344482,0.0211168868320367
manchester,Manchester,ntl,0.7183585047721863,0.0202511396913968
manchester,Manchester,pm25,0.7636056184768677,0.0227495460118349
manchester,Manchester,lst,0.6733092188835144,0.016908938738898
montreal,Montreal,gdp,0.8344319939613343,0.0308523544449868
montreal,Montreal,pop,0.7864136219024658,0.0185457320722454
montreal,Montreal,ntl,0.6908289074897767,0.0437144809110842
montreal,Montreal,pm25,0.6027352809906006,0.0419677060328831
montreal,Montreal,lst,0.5054529428482055,0.0605658535973384
los_angeles,Los Angeles,gdp,0.7770539283752441,0.0271373739757974
los_angeles,Los Angeles,pop,0.6913731694221497,0.0190469723121308
los_angeles,Los Angeles,ntl,0.7511767148971558,0.0164254581184343
los_angeles,Los Angeles,pm25,0.7626042246818543,0.0168852546264129
los_angeles,Los Angeles,lst,0.8634871125221253,0.0167680057628264
rio_de_janeiro,Rio de Janeiro,gdp,0.6296295523643494,0.0962998638524293
rio_de_janeiro,Rio de Janeiro,pop,0.8807548522949219,0.0038829485370845
rio_de_janeiro,Rio de Janeiro,ntl,0.7783257603645325,0.04496816463735
rio_de_janeiro,Rio de Janeiro,pm25,0.8176258087158204,0.0113447331594696
rio_de_janeiro,Rio de Janeiro,lst,0.9158910751342774,0.0170237435210894
buenos_aires,Buenos Aires,gdp,0.9271620750427246,0.0191830825281603
buenos_aires,Buenos Aires,pop,0.9026326656341552,0.0077348413342789
buenos_aires,Buenos Aires,ntl,0.7047477126121521,0.0239391632808283
buenos_aires,Buenos Aires,pm25,0.8404715895652771,0.0166053940537356
buenos_aires,Buenos Aires,lst,0.5342148661613464,0.0547667911700237
