source,source_country,target,target_city,matched,r2,aef_r2,delta_r2
bangkok,Thailand,bangkok,Bangkok,True,0.8976806926727295,0.8622356534004212,0.035445039272308375
bangkok,Thailand,buenos_aires,Buenos Aires,False,0.774746298789978,0.781845781803131,-0.0070994830131530405
bangkok,Thailand,chengdu,Chengdu,False,0.7810053277015686,0.7719492721557617,0.009056055545806897
bangkok,Thailand,johannesburg,Johannesburg,False,0.7574509334564209,0.7651658391952514,-0.007714905738830558
bangkok,Thailand,lisbon,Lisbon,False,0.6756448769569398,0.6809619021415709,-0.00531702518463133
bangkok,Thailand,los_angeles,Los Angeles,False,0.7782030296325684,0.7691390299797058,0.009063999652862531
bangkok,Thailand,luanda,Luanda,False,0.8230992031097412,0.8220069527626037,0.0010922503471374467
bangkok,Thailand,manchester,Manchester,False,0.7169734454154968,0.7278493857383728,-0.010875940322875999
bangkok,Thailand,melbourne,Melbourne,False,0.7242589163780212,0.7397071838378906,-0.015448267459869403
bangkok,Thailand,montreal,Montreal,False,0.6961088800430298,0.6839725494384765,0.012136330604553214
bangkok,Thailand,mumbai,Mumbai,False,0.8117080020904541,0.7579404282569885,0.0537675738334656
bangkok,Thailand,nairobi,Nairobi,False,0.8321336174011231,0.8369765138626098,-0.004842896461486878
bangkok,Thailand,osaka,Osaka,False,0.884800283908844,0.8635172724723816,0.021283011436462405
bangkok,Thailand,paris,Paris,False,0.7943958926200867,0.7928210139274597,0.0015748786926269576
bangkok,Thailand,rio_de_janeiro,Rio de Janeiro,False,0.7975206351280212,0.8044454097747803,-0.006924774646759046
buenos_aires,Argentina,bangkok,Bangkok,False,0.8695066642761231,0.8622356534004212,0.007271010875701966
buenos_aires,Argentina,buenos_aires,Buenos Aires,True,0.8325565958023071,0.781845781803131,0.05071081399917603
buenos_aires,Argentina,chengdu,Chengdu,False,0.7668529891967774,0.7719492721557617,-0.0050962829589843665
buenos_aires,Argentina,johannesburg,Johannesburg,False,0.7873653364181519,0.7651658391952514,0.022199497222900398
buenos_aires,Argentina,lisbon,Lisbon,False,0.6633147621154786,0.6809619021415709,-0.017647140026092512
buenos_aires,Argentina,los_angeles,Los Angeles,False,0.7702568650245667,0.7691390299797058,0.0011178350448608266
buenos_aires,Argentina,luanda,Luanda,False,0.8355539393424987,0.8220069527626037,0.013546986579895014
buenos_aires,Argentina,manchester,Manchester,False,0.6971519684791565,0.7278493857383728,-0.03069741725921631
buenos_aires,Argentina,melbourne,Melbourne,False,0.7654886484146118,0.7397071838378906,0.025781464576721192
buenos_aires,Argentina,montreal,Montreal,False,0.6688684248924256,0.6839725494384765,-0.015104124546051034
buenos_aires,Argentina,mumbai,Mumbai,False,0.7573109078407289,0.7579404282569885,-0.0006295204162597324
buenos_aires,Argentina,nairobi,Nairobi,False,0.8443451476097106,0.8369765138626098,0.007368633747100772
buenos_aires,Argentina,osaka,Osaka,False,0.8630909490585328,0.8635172724723816,-0.0004263234138488947
buenos_aires,Argentina,paris,Paris,False,0.7814278316497802,0.7928210139274597,-0.011393182277679426
buenos_aires,Argentina,rio_de_janeiro,Rio de Janeiro,False,0.8221857690811157,0.8044454097747803,0.01774035930633546
chengdu,China,bangkok,Bangkok,False,0.8791360855102539,0.8622356534004212,0.016900432109832785
chengdu,China,buenos_aires,Buenos Aires,False,0.7868960189819336,0.781845781803131,0.005050237178802463
chengdu,China,chengdu,Chengdu,True,0.8090956854820253,0.7719492721557617,0.03714641332626343
chengdu,China,johannesburg,Johannesburg,False,0.7612133574485779,0.7651658391952514,-0.003952481746673575
chengdu,China,lisbon,Lisbon,False,0.6687408542633057,0.6809619021415709,-0.012221047878265367
chengdu,China,los_angeles,Los Angeles,False,0.7733426904678344,0.7691390299797058,0.004203660488128635
chengdu,China,luanda,Luanda,False,0.7971871399879455,0.8220069527626037,-0.024819812774658213
chengdu,China,manchester,Manchester,False,0.7393775415420533,0.7278493857383728,0.01152815580368043
chengdu,China,melbourne,Melbourne,False,0.7223320174217224,0.7397071838378906,-0.01737516641616823
chengdu,China,montreal,Montreal,False,0.7139552879333496,0.6839725494384765,0.02998273849487305
chengdu,China,mumbai,Mumbai,False,0.7710945391654969,0.7579404282569885,0.01315411090850831
chengdu,China,nairobi,Nairobi,False,0.8341000366210938,0.8369765138626098,-0.0028764772415161622
chengdu,China,osaka,Osaka,False,0.8852383399009705,0.8635172724723816,0.021721067428588835
chengdu,China,paris,Paris,False,0.8051954746246338,0.7928210139274597,0.012374460697174095
chengdu,China,rio_de_janeiro,Rio de Janeiro,False,0.788262243270874,0.8044454097747803,-0.016183166503906256
johannesburg,South Africa,bangkok,Bangkok,False,0.8649631381034851,0.8622356534004212,0.0027274847030639648
johannesburg,South Africa,buenos_aires,Buenos Aires,False,0.7995006132125855,0.781845781803131,0.01765483140945432
johannesburg,South Africa,chengdu,Chengdu,False,0.769223997592926,0.7719492721557617,-0.0027252745628356554
johannesburg,South Africa,johannesburg,Johannesburg,True,0.8051258730888368,0.7651658391952514,0.039960033893585246
johannesburg,South Africa,lisbon,Lisbon,False,0.688114104270935,0.6809619021415709,0.007152202129364027
johannesburg,South Africa,los_angeles,Los Angeles,False,0.76530855178833,0.7691390299797058,-0.0038304781913757633
johannesburg,South Africa,luanda,Luanda,False,0.8407498359680176,0.8220069527626037,0.01874288320541384
johannesburg,South Africa,manchester,Manchester,False,0.7073047614097595,0.7278493857383728,-0.02054462432861328
johannesburg,South Africa,melbourne,Melbourne,False,0.7631695389747619,0.7397071838378906,0.023462355136871317
johannesburg,South Africa,montreal,Montreal,False,0.6723982095718384,0.6839725494384765,-0.011574339866638184
johannesburg,South Africa,mumbai,Mumbai,False,0.7752396011352539,0.7579404282569885,0.01729917287826539
johannesburg,South Africa,nairobi,Nairobi,False,0.8483230733871461,0.8369765138626098,0.01134655952453607
johannesburg,South Africa,osaka,Osaka,False,0.8638084030151367,0.8635172724723816,0.00029113054275511365
johannesburg,South Africa,paris,Paris,False,0.7919538235664367,0.7928210139274597,-0.0008671903610229182
johannesburg,South Africa,rio_de_janeiro,Rio de Janeiro,False,0.8177868151664734,0.8044454097747803,0.013341405391693085
lisbon,Portugal,bangkok,Bangkok,False,0.8490229868888856,0.8622356534004212,-0.013212666511535609
lisbon,Portugal,buenos_aires,Buenos Aires,False,0.7545454835891723,0.781845781803131,-0.02730029821395873
lisbon,Portugal,chengdu,Chengdu,False,0.755883219242096,0.7719492721557617,-0.016066052913665762
lisbon,Portugal,johannesburg,Johannesburg,False,0.7445050621032715,0.7651658391952514,-0.020660777091979977
lisbon,Portugal,lisbon,Lisbon,True,0.7205305480957032,0.6809619021415709,0.03956864595413208
lisbon,Portugal,los_angeles,Los Angeles,False,0.7717038869857789,0.7691390299797058,0.002564857006072985
lisbon,Portugal,luanda,Luanda,False,0.805947527885437,0.8220069527626037,-0.016059424877166762
lisbon,Portugal,manchester,Manchester,False,0.7452902102470398,0.7278493857383728,0.017440824508666974
lisbon,Portugal,melbourne,Melbourne,False,0.7217051339149475,0.7397071838378906,-0.01800204992294312
lisbon,Portugal,montreal,Montreal,False,0.6854459810256958,0.6839725494384765,0.0014734315872192206
lisbon,Portugal,mumbai,Mumbai,False,0.7416893076896667,0.7579404282569885,-0.016251120567321774
lisbon,Portugal,nairobi,Nairobi,False,0.8248121261596679,0.8369765138626098,-0.012164387702941926
lisbon,Portugal,osaka,Osaka,False,0.8658893585205079,0.8635172724723816,0.002372086048126243
lisbon,Portugal,paris,Paris,False,0.8129747581481933,0.7928210139274597,0.020153744220733637
lisbon,Portugal,rio_de_janeiro,Rio de Janeiro,False,0.7845740127563476,0.8044454097747803,-0.019871397018432636
los_angeles,United States,bangkok,Bangkok,False,0.87222904920578,0.8622356534004212,0.009993395805358917
los_angeles,United States,buenos_aires,Buenos Aires,False,0.7802704071998596,0.781845781803131,-0.0015753746032714621
los_angeles,United States,chengdu,Chengdu,False,0.7791545033454895,0.7719492721557617,0.007205231189727801
los_angeles,United States,johannesburg,Johannesburg,False,0.7580595207214356,0.7651658391952514,-0.007106318473815909
los_angeles,United States,lisbon,Lisbon,False,0.7056149411201477,0.6809619021415709,0.02465303897857668
los_angeles,United States,los_angeles,Los Angeles,True,0.8116416501998902,0.7691390299797058,0.04250262022018432
los_angeles,United States,luanda,Luanda,False,0.8231863570213317,0.8220069527626037,0.001179404258728045
los_angeles,United States,manchester,Manchester,False,0.7503416514396667,0.7278493857383728,0.022492265701293944
los_angeles,United States,melbourne,Melbourne,False,0.7272937989234924,0.7397071838378906,-0.012413384914398229
los_angeles,United States,montreal,Montreal,False,0.7523969769477844,0.6839725494384765,0.06842442750930786
los_angeles,United States,mumbai,Mumbai,False,0.7548765850067138,0.7579404282569885,-0.0030638432502746228
los_angeles,United States,nairobi,Nairobi,False,0.8365520668029784,0.8369765138626098,-0.0004244470596314054
los_angeles,United States,osaka,Osaka,False,0.8730157279968263,0.8635172724723816,0.00949845552444457
los_angeles,United States,paris,Paris,False,0.8112253522872924,0.7928210139274597,0.018404338359832795
los_angeles,United States,rio_de_janeiro,Rio de Janeiro,False,0.7982371401786803,0.8044454097747803,-0.006208269596099903
luanda,Angola,bangkok,Bangkok,False,0.8558588552474976,0.8622356534004212,-0.0063767981529235795
luanda,Angola,buenos_aires,Buenos Aires,False,0.7768310737609864,0.781845781803131,-0.005014708042144744
luanda,Angola,chengdu,Chengdu,False,0.7592585349082946,0.7719492721557617,-0.012690737247467044
luanda,Angola,johannesburg,Johannesburg,False,0.778883535861969,0.7651658391952514,0.013717696666717539
luanda,Angola,lisbon,Lisbon,False,0.6537854862213135,0.6809619021415709,-0.027176415920257525
luanda,Angola,los_angeles,Los Angeles,False,0.7565601110458374,0.7691390299797058,-0.012578918933868422
luanda,Angola,luanda,Luanda,True,0.8561101174354553,0.8220069527626037,0.03410316467285155
luanda,Angola,manchester,Manchester,False,0.6945719361305237,0.7278493857383728,-0.03327744960784913
luanda,Angola,melbourne,Melbourne,False,0.7453359341621398,0.7397071838378906,0.005628750324249254
luanda,Angola,montreal,Montreal,False,0.6658587741851807,0.6839725494384765,-0.018113775253295928
luanda,Angola,mumbai,Mumbai,False,0.7581474661827088,0.7579404282569885,0.00020703792572025482
luanda,Angola,nairobi,Nairobi,False,0.8362237405776977,0.8369765138626098,-0.0007527732849121449
luanda,Angola,osaka,Osaka,False,0.8530272769927978,0.8635172724723816,-0.010489995479583802
luanda,Angola,paris,Paris,False,0.7761237883567811,0.7928210139274597,-0.0166972255706787
luanda,Angola,rio_de_janeiro,Rio de Janeiro,False,0.7993096041679382,0.8044454097747803,-0.005135805606842059
manchester,United Kingdom,bangkok,Bangkok,False,0.8564107608795165,0.8622356534004212,-0.005824892520904545
manchester,United Kingdom,buenos_aires,Buenos Aires,False,0.7601055693626403,0.781845781803131,-0.02174021244049077
manchester,United Kingdom,chengdu,Chengdu,False,0.7669846415519714,0.7719492721557617,-0.004964630603790277
manchester,United Kingdom,johannesburg,Johannesburg,False,0.7385834622383117,0.7651658391952514,-0.026582376956939678
manchester,United Kingdom,lisbon,Lisbon,False,0.7211067318916321,0.6809619021415709,0.04014482975006103
manchester,United Kingdom,los_angeles,Los Angeles,False,0.7836992907524108,0.7691390299797058,0.014560260772705069
manchester,United Kingdom,luanda,Luanda,False,0.8111640167236327,0.8220069527626037,-0.010842936038970952
manchester,United Kingdom,manchester,Manchester,True,0.7938065624237061,0.7278493857383728,0.06595717668533323
manchester,United Kingdom,melbourne,Melbourne,False,0.7251551795005798,0.7397071838378906,-0.014552004337310808
manchester,United Kingdom,montreal,Montreal,False,0.709612729549408,0.6839725494384765,0.02564018011093141
manchester,United Kingdom,mumbai,Mumbai,False,0.7346403646469116,0.7579404282569885,-0.023300063610076905
manchester,United Kingdom,nairobi,Nairobi,False,0.827799551486969,0.8369765138626098,-0.009176962375640895
manchester,United Kingdom,osaka,Osaka,False,0.8701847147941588,0.8635172724723816,0.006667442321777339
manchester,United Kingdom,paris,Paris,False,0.8297017526626587,0.7928210139274597,0.03688073873519897
manchester,United Kingdom,rio_de_janeiro,Rio de Janeiro,False,0.7924231219291688,0.8044454097747803,-0.012022287845611568
melbourne,Australia,bangkok,Bangkok,False,0.865561158657074,0.8622356534004212,0.0033255052566528278
melbourne,Australia,buenos_aires,Buenos Aires,False,0.8146711826324463,0.781845781803131,0.032825400829315246
melbourne,Australia,chengdu,Chengdu,False,0.7598203969001769,0.7719492721557617,-0.012128875255584714
melbourne,Australia,johannesburg,Johannesburg,False,0.7819943165779113,0.7651658391952514,0.016828477382659933
melbourne,Australia,lisbon,Lisbon,False,0.6421383023262024,0.6809619021415709,-0.03882359981536865
melbourne,Australia,los_angeles,Los Angeles,False,0.7573709630966187,0.7691390299797058,-0.011768066883087158
melbourne,Australia,luanda,Luanda,False,0.8320345282554626,0.8220069527626037,0.010027575492858886
melbourne,Australia,manchester,Manchester,False,0.7000790596008301,0.7278493857383728,-0.027770326137542732
melbourne,Australia,melbourne,Melbourne,True,0.7823413300514221,0.7397071838378906,0.042634146213531454
melbourne,Australia,montreal,Montreal,False,0.6670185136795044,0.6839725494384765,-0.016954035758972176
melbourne,Australia,mumbai,Mumbai,False,0.7469666790962218,0.7579404282569885,-0.0109737491607666
melbourne,Australia,nairobi,Nairobi,False,0.8350407385826111,0.8369765138626098,-0.0019357752799988414
melbourne,Australia,osaka,Osaka,False,0.8565661239624024,0.8635172724723816,-0.006951148509979244
melbourne,Australia,paris,Paris,False,0.7784332323074341,0.7928210139274597,-0.014387781620025608
melbourne,Australia,rio_de_janeiro,Rio de Janeiro,False,0.8175586509704591,0.8044454097747803,0.013113241195678693
montreal,Canada,bangkok,Bangkok,False,0.8446667885780335,0.8622356534004212,-0.017568864822387665
montreal,Canada,buenos_aires,Buenos Aires,False,0.756392376422882,0.781845781803131,-0.02545340538024903
montreal,Canada,chengdu,Chengdu,False,0.7659768223762512,0.7719492721557617,-0.00597244977951048
montreal,Canada,johannesburg,Johannesburg,False,0.7397992062568665,0.7651658391952514,-0.025366632938385016
montreal,Canada,lisbon,Lisbon,False,0.6821890091896057,0.6809619021415709,0.0012271070480346924
montreal,Canada,los_angeles,Los Angeles,False,0.766594889163971,0.7691390299797058,-0.0025441408157348853
montreal,Canada,luanda,Luanda,False,0.7933780312538147,0.8220069527626037,-0.02862892150878906
montreal,Canada,manchester,Manchester,False,0.7398314356803894,0.7278493857383728,0.011982049942016616
montreal,Canada,melbourne,Melbourne,False,0.7220558047294616,0.7397071838378906,-0.017651379108428976
montreal,Canada,montreal,Montreal,True,0.7633191823959351,0.6839725494384765,0.0793466329574585
montreal,Canada,mumbai,Mumbai,False,0.7368402218818665,0.7579404282569885,-0.02110020637512202
montreal,Canada,nairobi,Nairobi,False,0.8255756902694703,0.8369765138626098,-0.011400823593139675
montreal,Canada,osaka,Osaka,False,0.8685947012901307,0.8635172724723816,0.005077428817749041
montreal,Canada,paris,Paris,False,0.8110849404335022,0.7928210139274597,0.018263926506042517
montreal,Canada,rio_de_janeiro,Rio de Janeiro,False,0.7892239689826965,0.8044454097747803,-0.015221440792083762
mumbai,India,bangkok,Bangkok,False,0.8799264216423035,0.8622356534004212,0.01769076824188238
mumbai,India,buenos_aires,Buenos Aires,False,0.7587715244293213,0.781845781803131,-0.023074257373809814
mumbai,India,chengdu,Chengdu,False,0.7814375591278077,0.7719492721557617,0.009488286972045911
mumbai,India,johannesburg,Johannesburg,False,0.7570436191558838,0.7651658391952514,-0.008122220039367644
mumbai,India,lisbon,Lisbon,False,0.6539671087265014,0.6809619021415709,-0.026994793415069596
mumbai,India,los_angeles,Los Angeles,False,0.7649382519721986,0.7691390299797058,-0.004200778007507311
mumbai,India,luanda,Luanda,False,0.8173927187919616,0.8220069527626037,-0.004614233970642112
mumbai,India,manchester,Manchester,False,0.7043202757835388,0.7278493857383728,-0.023529109954833993
mumbai,India,melbourne,Melbourne,False,0.7199734544754028,0.7397071838378906,-0.01973372936248783
mumbai,India,montreal,Montreal,False,0.6741878867149353,0.6839725494384765,-0.009784662723541282
mumbai,India,mumbai,Mumbai,True,0.8081796836853027,0.7579404282569885,0.05023925542831424
mumbai,India,nairobi,Nairobi,False,0.8324932646751403,0.8369765138626098,-0.004483249187469496
mumbai,India,osaka,Osaka,False,0.8780810713768006,0.8635172724723816,0.014563798904418857
mumbai,India,paris,Paris,False,0.7801774406433106,0.7928210139274597,-0.012643573284149157
mumbai,India,rio_de_janeiro,Rio de Janeiro,False,0.7944570732116699,0.8044454097747803,-0.009988336563110378
nairobi,Kenya,bangkok,Bangkok,False,0.8596200942993164,0.8622356534004212,-0.002615559101104714
nairobi,Kenya,buenos_aires,Buenos Aires,False,0.7946138358116149,0.781845781803131,0.012768054008483843
nairobi,Kenya,chengdu,Chengdu,False,0.7652405714988708,0.7719492721557617,-0.006708700656890854
nairobi,Kenya,johannesburg,Johannesburg,False,0.788058979511261,0.7651658391952514,0.02289314031600953
nairobi,Kenya,lisbon,Lisbon,False,0.6628786134719848,0.6809619021415709,-0.018083288669586174
nairobi,Kenya,los_angeles,Los Angeles,False,0.7530403113365173,0.7691390299797058,-0.01609871864318848
nairobi,Kenya,luanda,Luanda,False,0.8405234289169311,0.8220069527626037,0.01851647615432741
nairobi,Kenya,manchester,Manchester,False,0.6962777876853943,0.7278493857383728,-0.03157159805297853
nairobi,Kenya,melbourne,Melbourne,False,0.758338680267334,0.7397071838378906,0.01863149642944335
nairobi,Kenya,montreal,Montreal,False,0.674345760345459,0.6839725494384765,-0.009626789093017563
nairobi,Kenya,mumbai,Mumbai,False,0.7590548205375671,0.7579404282569885,0.0011143922805786134
nairobi,Kenya,nairobi,Nairobi,True,0.8490736317634584,0.8369765138626098,0.01209711790084842
nairobi,Kenya,osaka,Osaka,False,0.8596195411682128,0.8635172724723816,-0.0038977313041687277
nairobi,Kenya,paris,Paris,False,0.7762467050552369,0.7928210139274597,-0.016574308872222887
nairobi,Kenya,rio_de_janeiro,Rio de Janeiro,False,0.8044624471664429,0.8044454097747803,1.7037391662544366e-05
osaka,Japan,bangkok,Bangkok,False,0.8825604033470154,0.8622356534004212,0.020324749946594233
osaka,Japan,buenos_aires,Buenos Aires,False,0.7609803485870361,0.781845781803131,-0.020865433216094954
osaka,Japan,chengdu,Chengdu,False,0.7844689273834228,0.7719492721557617,0.01251965522766113
osaka,Japan,johannesburg,Johannesburg,False,0.7557953119277954,0.7651658391952514,-0.009370527267456042
osaka,Japan,lisbon,Lisbon,False,0.6860252594947814,0.6809619021415709,0.005063357353210474
osaka,Japan,los_angeles,Los Angeles,False,0.7708896374702453,0.7691390299797058,0.0017506074905395464
osaka,Japan,luanda,Luanda,False,0.8205559039115906,0.8220069527626037,-0.0014510488510131702
osaka,Japan,manchester,Manchester,False,0.7219285273551941,0.7278493857383728,-0.005920858383178707
osaka,Japan,melbourne,Melbourne,False,0.7298258185386658,0.7397071838378906,-0.009881365299224853
osaka,Japan,montreal,Montreal,False,0.7165910577774047,0.6839725494384765,0.03261850833892821
osaka,Japan,mumbai,Mumbai,False,0.7977041864395141,0.7579404282569885,0.03976375818252562
osaka,Japan,nairobi,Nairobi,False,0.8343325328826904,0.8369765138626098,-0.002643980979919447
osaka,Japan,osaka,Osaka,True,0.9035303664207458,0.8635172724723816,0.040013093948364234
osaka,Japan,paris,Paris,False,0.7919001412391663,0.7928210139274597,-0.0009208726882934393
osaka,Japan,rio_de_janeiro,Rio de Janeiro,False,0.7946545457839966,0.8044454097747803,-0.009790863990783683
paris,France,bangkok,Bangkok,False,0.8577164053916931,0.8622356534004212,-0.004519248008728027
paris,France,buenos_aires,Buenos Aires,False,0.7490110754966736,0.781845781803131,-0.03283470630645754
paris,France,chengdu,Chengdu,False,0.7690326595306397,0.7719492721557617,-0.0029166126251220616
paris,France,johannesburg,Johannesburg,False,0.7404713726043701,0.7651658391952514,-0.024694466590881325
paris,France,lisbon,Lisbon,False,0.7247336053848267,0.6809619021415709,0.04377170324325562
paris,France,los_angeles,Los Angeles,False,0.7785308599472046,0.7691390299797058,0.009391829967498766
paris,France,luanda,Luanda,False,0.8033186721801758,0.8220069527626037,-0.018688280582427975
paris,France,manchester,Manchester,False,0.7658562970161438,0.7278493857383728,0.038006911277770984
paris,France,melbourne,Melbourne,False,0.7215989184379578,0.7397071838378906,-0.018108265399932887
paris,France,montreal,Montreal,False,0.7026865673065185,0.6839725494384765,0.018714017868041964
paris,France,mumbai,Mumbai,False,0.7414041185379029,0.7579404282569885,-0.016536309719085672
paris,France,nairobi,Nairobi,False,0.8137948083877564,0.8369765138626098,-0.023181705474853542
paris,France,osaka,Osaka,False,0.8722870230674744,0.8635172724723816,0.008769750595092728
paris,France,paris,Paris,True,0.8324457144737243,0.7928210139274597,0.0396247005462647
paris,France,rio_de_janeiro,Rio de Janeiro,False,0.7775588226318358,0.8044454097747803,-0.026886587142944385
rio_de_janeiro,Brazil,bangkok,Bangkok,False,0.8750199556350708,0.8622356534004212,0.01278430223464968
rio_de_janeiro,Brazil,buenos_aires,Buenos Aires,False,0.8174557542800903,0.781845781803131,0.035609972476959253
rio_de_janeiro,Brazil,chengdu,Chengdu,False,0.7651277780532837,0.7719492721557617,-0.00682149410247801
rio_de_janeiro,Brazil,johannesburg,Johannesburg,False,0.778760154247284,0.7651658391952514,0.013594315052032502
rio_de_janeiro,Brazil,lisbon,Lisbon,False,0.6485413718223573,0.6809619021415709,-0.03242053031921384
rio_de_janeiro,Brazil,los_angeles,Los Angeles,False,0.768672034740448,0.7691390299797058,-0.0004669952392578391
rio_de_janeiro,Brazil,luanda,Luanda,False,0.8429249119758605,0.8220069527626037,0.020917959213256832
rio_de_janeiro,Brazil,manchester,Manchester,False,0.6968921303749085,0.7278493857383728,-0.030957255363464387
rio_de_janeiro,Brazil,melbourne,Melbourne,False,0.7623962616920471,0.7397071838378906,0.02268907785415648
rio_de_janeiro,Brazil,montreal,Montreal,False,0.6599403285980225,0.6839725494384765,-0.024032220840454088
rio_de_janeiro,Brazil,mumbai,Mumbai,False,0.7701641726493835,0.7579404282569885,0.012223744392395042
rio_de_janeiro,Brazil,nairobi,Nairobi,False,0.8455803489685059,0.8369765138626098,0.00860383510589593
rio_de_janeiro,Brazil,osaka,Osaka,False,0.8589252638816832,0.8635172724723816,-0.004592008590698327
rio_de_janeiro,Brazil,paris,Paris,False,0.7718738913536072,0.7928210139274597,-0.020947122573852516
rio_de_janeiro,Brazil,rio_de_janeiro,Rio de Janeiro,True,0.8421205019950866,0.8044454097747803,0.037675092220306405
