source_country,Bangkok,Chengdu,Osaka,Mumbai,Melbourne,Johannesburg,Nairobi,Luanda,Lisbon,Paris,Manchester,Montreal,Los Angeles,Rio de Janeiro,Buenos Aires
Thailand,0.035445039272308375,0.009056055545806897,0.021283011436462405,0.0537675738334656,-0.015448267459869403,-0.007714905738830558,-0.004842896461486878,0.0010922503471374467,-0.00531702518463133,0.0015748786926269576,-0.010875940322875999,0.012136330604553214,0.009063999652862531,-0.006924774646759046,-0.0070994830131530405
China,0.016900432109832785,0.03714641332626343,0.021721067428588835,0.01315411090850831,-0.01737516641616823,-0.003952481746673575,-0.0028764772415161622,-0.024819812774658213,-0.012221047878265367,0.012374460697174095,0.01152815580368043,0.02998273849487305,0.004203660488128635,-0.016183166503906256,0.005050237178802463
Japan,0.020324749946594233,0.01251965522766113,0.040013093948364234,0.03976375818252562,-0.009881365299224853,-0.009370527267456042,-0.002643980979919447,-0.0014510488510131702,0.005063357353210474,-0.0009208726882934393,-0.005920858383178707,0.03261850833892821,0.0017506074905395464,-0.009790863990783683,-0.020865433216094954
India,0.01769076824188238,0.009488286972045911,0.014563798904418857,0.05023925542831424,-0.01973372936248783,-0.008122220039367644,-0.004483249187469496,-0.004614233970642112,-0.026994793415069596,-0.012643573284149157,-0.023529109954833993,-0.009784662723541282,-0.004200778007507311,-0.009988336563110378,-0.023074257373809814
Australia,0.0033255052566528278,-0.012128875255584714,-0.006951148509979244,-0.0109737491607666,0.042634146213531454,0.016828477382659933,-0.0019357752799988414,0.010027575492858886,-0.03882359981536865,-0.014387781620025608,-0.027770326137542732,-0.016954035758972176,-0.011768066883087158,0.013113241195678693,0.032825400829315246
South Africa,0.0027274847030639648,-0.0027252745628356554,0.00029113054275511365,0.01729917287826539,0.023462355136871317,0.039960033893585246,0.01134655952453607,0.01874288320541384,0.007152202129364027,-0.0008671903610229182,-0.02054462432861328,-0.011574339866638184,-0.0038304781913757633,0.013341405391693085,0.01765483140945432
Kenya,-0.002615559101104714,-0.006708700656890854,-0.0038977313041687277,0.0011143922805786134,0.01863149642944335,0.02289314031600953,0.01209711790084842,0.01851647615432741,-0.018083288669586174,-0.016574308872222887,-0.03157159805297853,-0.009626789093017563,-0.01609871864318848,1.7037391662544366e-05,0.012768054008483843
Angola,-0.0063767981529235795,-0.012690737247467044,-0.010489995479583802,0.00020703792572025482,0.005628750324249254,0.013717696666717539,-0.0007527732849121449,0.03410316467285155,-0.027176415920257525,-0.0166972255706787,-0.03327744960784913,-0.018113775253295928,-0.012578918933868422,-0.005135805606842059,-0.005014708042144744
Portugal,-0.013212666511535609,-0.016066052913665762,0.002372086048126243,-0.016251120567321774,-0.01800204992294312,-0.020660777091979977,-0.012164387702941926,-0.016059424877166762,0.03956864595413208,0.020153744220733637,0.017440824508666974,0.0014734315872192206,0.002564857006072985,-0.019871397018432636,-0.02730029821395873
France,-0.004519248008728027,-0.0029166126251220616,0.008769750595092728,-0.016536309719085672,-0.018108265399932887,-0.024694466590881325,-0.023181705474853542,-0.018688280582427975,0.04377170324325562,0.0396247005462647,0.038006911277770984,0.018714017868041964,0.009391829967498766,-0.026886587142944385,-0.03283470630645754
United Kingdom,-0.005824892520904545,-0.004964630603790277,0.006667442321777339,-0.023300063610076905,-0.014552004337310808,-0.026582376956939678,-0.009176962375640895,-0.010842936038970952,0.04014482975006103,0.03688073873519897,0.06595717668533323,0.02564018011093141,0.014560260772705069,-0.012022287845611568,-0.02174021244049077
Canada,-0.017568864822387665,-0.00597244977951048,0.005077428817749041,-0.02110020637512202,-0.017651379108428976,-0.025366632938385016,-0.011400823593139675,-0.02862892150878906,0.0012271070480346924,0.018263926506042517,0.011982049942016616,0.0793466329574585,-0.0025441408157348853,-0.015221440792083762,-0.02545340538024903
United States,0.009993395805358917,0.007205231189727801,0.00949845552444457,-0.0030638432502746228,-0.012413384914398229,-0.007106318473815909,-0.0004244470596314054,0.001179404258728045,0.02465303897857668,0.018404338359832795,0.022492265701293944,0.06842442750930786,0.04250262022018432,-0.006208269596099903,-0.0015753746032714621
Brazil,0.01278430223464968,-0.00682149410247801,-0.004592008590698327,0.012223744392395042,0.02268907785415648,0.013594315052032502,0.00860383510589593,0.020917959213256832,-0.03242053031921384,-0.020947122573852516,-0.030957255363464387,-0.024032220840454088,-0.0004669952392578391,0.037675092220306405,0.035609972476959253
Argentina,0.007271010875701966,-0.0050962829589843665,-0.0004263234138488947,-0.0006295204162597324,0.025781464576721192,0.022199497222900398,0.007368633747100772,0.013546986579895014,-0.017647140026092512,-0.011393182277679426,-0.03069741725921631,-0.015104124546051034,0.0011178350448608266,0.01774035930633546,0.05071081399917603
