source,source_country,target,target_city,matched,r2,aef_r2,delta_r2,aef_similarity,distance_km,log_distance_km,source_capital,source_capital_latitude,source_capital_longitude,target_city_centroid_latitude,target_city_centroid_longitude
bangkok,Thailand,bangkok,Bangkok,True,0.8976806926727295,0.8622356534004212,0.0354450392723083,0.963323838769586,20.619828918483016,3.026253181681602,Bangkok,13.7308,100.521,13.91617248,100.51591153
bangkok,Thailand,buenos_aires,Buenos Aires,False,0.774746298789978,0.781845781803131,-0.007099483013153,0.1710802835718219,16882.36787658007,9.734025035360625,Bangkok,13.7308,100.521,-34.64321156,-58.57475523
bangkok,Thailand,chengdu,Chengdu,False,0.7810053277015686,0.7719492721557617,0.0090560555458068,0.4810316723181845,1925.235852122187,7.562803759799805,Bangkok,13.7308,100.521,30.74737304,103.99282403
bangkok,Thailand,johannesburg,Johannesburg,False,0.7574509334564209,0.7651658391952514,-0.0077149057388305,0.0177455986374628,8985.1973998815,9.103333768913052,Bangkok,13.7308,100.521,-26.00496979,28.11155799
bangkok,Thailand,lisbon,Lisbon,False,0.6756448769569398,0.6809619021415709,-0.0053170251846313,0.1300510897243819,10689.963652070604,9.277060603832824,Bangkok,13.7308,100.521,38.73913666,-9.18058525
bangkok,Thailand,los_angeles,Los Angeles,False,0.7782030296325684,0.7691390299797058,0.0090639996528625,0.1779755148653443,13332.851743343643,9.49798632452642,Bangkok,13.7308,100.521,33.95485806,-117.91785357
bangkok,Thailand,luanda,Luanda,False,0.8230992031097412,0.8220069527626037,0.0010922503471374,0.1835121883989155,9941.874656608852,9.204510879112746,Bangkok,13.7308,100.521,-8.91700035,13.33420531
bangkok,Thailand,manchester,Manchester,False,0.7169734454154968,0.7278493857383728,-0.0108759403228759,0.1260083377486477,9620.245039717074,9.17162501523941,Bangkok,13.7308,100.521,53.49901111,-2.48518399
bangkok,Thailand,melbourne,Melbourne,False,0.7242589163780212,0.7397071838378906,-0.0154482674598694,0.2256154782900795,7379.288449245972,8.906432496854856,Bangkok,13.7308,100.521,-37.85772494,145.0680694
bangkok,Thailand,montreal,Montreal,False,0.6961088800430298,0.6839725494384765,0.0121363306045532,0.1177249013788646,13398.140232293825,9.502871187672179,Bangkok,13.7308,100.521,45.54425086,-73.66792601
bangkok,Thailand,mumbai,Mumbai,False,0.8117080020904541,0.7579404282569885,0.0537675738334656,0.8319678403478371,2989.454693242221,8.002846272909986,Bangkok,13.7308,100.521,19.16723895,73.03334941
bangkok,Thailand,nairobi,Nairobi,False,0.8321336174011231,0.8369765138626098,-0.0048428964614868,0.0174576404568772,7149.109208731258,8.874743041735117,Bangkok,13.7308,100.521,-0.60469055,37.20872491
bangkok,Thailand,osaka,Osaka,False,0.884800283908844,0.8635172724723816,0.0212830114364624,0.3170787563787955,4215.029774523241,8.346411934354835,Bangkok,13.7308,100.521,34.80203698,135.50414387
bangkok,Thailand,paris,Paris,False,0.7943958926200867,0.7928210139274597,0.0015748786926269,0.1698412112948789,9449.829929549729,9.153752023452798,Bangkok,13.7308,100.521,48.83203823,2.31681512
bangkok,Thailand,rio_de_janeiro,Rio de Janeiro,False,0.7975206351280212,0.8044454097747803,-0.006924774646759,0.0889792621339528,16075.864512077365,9.685074327571233,Bangkok,13.7308,100.521,-22.81809593,-43.30703736
buenos_aires,Argentina,bangkok,Bangkok,False,0.8695066642761231,0.8622356534004212,0.0072710108757019,0.2220045043212772,16889.85367056875,9.734468346091655,Buenos Aires,-34.6118,-58.4173,13.91617248,100.51591153
buenos_aires,Argentina,buenos_aires,Buenos Aires,True,0.8325565958023071,0.781845781803131,0.050710813999176,0.9354939113907352,14.824252120173083,2.696264496405423,Buenos Aires,-34.6118,-58.4173,-34.64321156,-58.57475523
buenos_aires,Argentina,chengdu,Chengdu,False,0.7668529891967774,0.7719492721557617,-0.0050962829589843,0.1742460799384662,18316.176947793934,9.815539934562048,Buenos Aires,-34.6118,-58.4173,30.74737304,103.99282403
buenos_aires,Argentina,johannesburg,Johannesburg,False,0.7873653364181519,0.7651658391952514,0.0221994972229003,0.7486248814074543,8107.521587604186,9.00054750084881,Buenos Aires,-34.6118,-58.4173,-26.00496979,28.11155799
buenos_aires,Argentina,lisbon,Lisbon,False,0.6633147621154786,0.6809619021415709,-0.0176471400260925,0.1991255865116784,9601.397386389232,9.169663927945154,Buenos Aires,-34.6118,-58.4173,38.73913666,-9.18058525
buenos_aires,Argentina,los_angeles,Los Angeles,False,0.7702568650245667,0.7691390299797058,0.0011178350448608,0.3724223150603152,9821.36405043146,9.192315297041311,Buenos Aires,-34.6118,-58.4173,33.95485806,-117.91785357
buenos_aires,Argentina,luanda,Luanda,False,0.8355539393424987,0.8220069527626037,0.013546986579895,0.5424712162922629,7779.3942964729595,8.959233760217879,Buenos Aires,-34.6118,-58.4173,-8.91700035,13.33420531
buenos_aires,Argentina,manchester,Manchester,False,0.6971519684791565,0.7278493857383728,-0.0306974172592163,0.1043428690149826,11175.880909313948,9.321513244948916,Buenos Aires,-34.6118,-58.4173,53.49901111,-2.48518399
buenos_aires,Argentina,melbourne,Melbourne,False,0.7654886484146118,0.7397071838378906,0.0257814645767211,0.870915239358589,11600.181129725406,9.35877599160405,Buenos Aires,-34.6118,-58.4173,-37.85772494,145.0680694
buenos_aires,Argentina,montreal,Montreal,False,0.6688684248924256,0.6839725494384765,-0.015104124546051,0.2444295977522477,9043.988569095627,9.109855569475746,Buenos Aires,-34.6118,-58.4173,45.54425086,-73.66792601
buenos_aires,Argentina,mumbai,Mumbai,False,0.7573109078407289,0.7579404282569885,-0.0006295204162597,0.2444451821932491,14957.527134209842,9.612969939349778,Buenos Aires,-34.6118,-58.4173,19.16723895,73.03334941
buenos_aires,Argentina,nairobi,Nairobi,False,0.8443451476097106,0.8369765138626098,0.0073686337471007,0.3739911653845366,10483.823020232268,9.257588683361503,Buenos Aires,-34.6118,-58.4173,-0.60469055,37.20872491
buenos_aires,Argentina,osaka,Osaka,False,0.8630909490585328,0.8635172724723816,-0.0004263234138488,0.2498323448546893,18743.389259301806,9.838596396392903,Buenos Aires,-34.6118,-58.4173,34.80203698,135.50414387
buenos_aires,Argentina,paris,Paris,False,0.7814278316497802,0.7928210139274597,-0.0113931822776794,0.1490129697988076,11049.010189548932,9.310096127327332,Buenos Aires,-34.6118,-58.4173,48.83203823,2.31681512
buenos_aires,Argentina,rio_de_janeiro,Rio de Janeiro,False,0.8221857690811157,0.8044454097747803,0.0177403593063354,0.7289205042759367,1968.1500084886343,7.584849298532836,Buenos Aires,-34.6118,-58.4173,-22.81809593,-43.30703736
chengdu,China,bangkok,Bangkok,False,0.8791360855102539,0.8622356534004212,0.0169004321098327,0.4557545023353684,3287.382733824786,8.097847005530362,Beijing,40.0495,116.286,13.91617248,100.51591153
chengdu,China,buenos_aires,Buenos Aires,False,0.7868960189819336,0.781845781803131,0.0050502371788024,0.1699972305156638,19261.920462397407,9.86588539286285,Beijing,40.0495,116.286,-34.64321156,-58.57475523
chengdu,China,chengdu,Chengdu,True,0.8090956854820253,0.7719492721557617,0.0371464133262634,0.8899858934943847,1517.552962688078,7.32485442360177,Beijing,40.0495,116.286,30.74737304,103.99282403
chengdu,China,johannesburg,Johannesburg,False,0.7612133574485779,0.7651658391952514,-0.0039524817466735,0.0016436984632685,11684.611863180047,9.36602802974862,Beijing,40.0495,116.286,-26.00496979,28.11155799
chengdu,China,lisbon,Lisbon,False,0.6687408542633057,0.6809619021415709,-0.0122210478782653,0.3577593635226062,9649.253466982153,9.174635830406029,Beijing,40.0495,116.286,38.73913666,-9.18058525
chengdu,China,los_angeles,Los Angeles,False,0.7733426904678344,0.7691390299797058,0.0042036604881286,0.3730937678011908,10083.98543777398,9.21870384421454,Beijing,40.0495,116.286,33.95485806,-117.91785357
chengdu,China,luanda,Luanda,False,0.7971871399879455,0.8220069527626037,-0.0248198127746582,0.1617021687651632,11744.273517650738,9.371121040573785,Beijing,40.0495,116.286,-8.91700035,13.33420531
chengdu,China,manchester,Manchester,False,0.7393775415420533,0.7278493857383728,0.0115281558036804,0.2453993984220602,8079.223081971665,8.997050993670795,Beijing,40.0495,116.286,53.49901111,-2.48518399
chengdu,China,melbourne,Melbourne,False,0.7223320174217224,0.7397071838378906,-0.0173751664161682,0.1872164329905929,9145.940467294242,9.121065395044644,Beijing,40.0495,116.286,-37.85772494,145.0680694
chengdu,China,montreal,Montreal,False,0.7139552879333496,0.6839725494384765,0.029982738494873,0.4534373368720232,10445.958731855786,9.253970458371533,Beijing,40.0495,116.286,45.54425086,-73.66792601
chengdu,China,mumbai,Mumbai,False,0.7710945391654969,0.7579404282569885,0.0131541109085083,0.4875603020365234,4720.013603995835,8.459566960777956,Beijing,40.0495,116.286,19.16723895,73.03334941
chengdu,China,nairobi,Nairobi,False,0.8341000366210938,0.8369765138626098,-0.0028764772415161,0.0329692018291996,9123.936618887627,9.118656636743546,Beijing,40.0495,116.286,-0.60469055,37.20872491
chengdu,China,osaka,Osaka,False,0.8852383399009705,0.8635172724723816,0.0217210674285888,0.7816068870769883,1790.2116968384876,7.490089158232099,Beijing,40.0495,116.286,34.80203698,135.50414387
chengdu,China,paris,Paris,False,0.8051954746246338,0.7928210139274597,0.012374460697174,0.366649363742046,8201.68043463713,9.012094343310153,Beijing,40.0495,116.286,48.83203823,2.31681512
chengdu,China,rio_de_janeiro,Rio de Janeiro,False,0.788262243270874,0.8044454097747803,-0.0161831665039062,0.1686599151459294,17304.26679643747,9.758708385708527,Beijing,40.0495,116.286,-22.81809593,-43.30703736
johannesburg,South Africa,bangkok,Bangkok,False,0.8649631381034851,0.8622356534004212,0.0027274847030639,0.0732570043146597,8977.82738097579,9.102513192266393,Pretoria,-25.746,28.1871,13.91617248,100.51591153
johannesburg,South Africa,buenos_aires,Buenos Aires,False,0.7995006132125855,0.781845781803131,0.0176548314094543,0.5928532612855397,8141.093988808962,9.004679846625741,Pretoria,-25.746,28.1871,-34.64321156,-58.57475523
johannesburg,South Africa,chengdu,Chengdu,False,0.769223997592926,0.7719492721557617,-0.0027252745628356,0.0495012184054093,10213.114760763527,9.231427934248888,Pretoria,-25.746,28.1871,30.74737304,103.99282403
johannesburg,South Africa,johannesburg,Johannesburg,True,0.8051258730888368,0.7651658391952514,0.0399600338935852,0.9430746705439512,29.77144346140491,3.3935496609669324,Pretoria,-25.746,28.1871,-26.00496979,28.11155799
johannesburg,South Africa,lisbon,Lisbon,False,0.688114104270935,0.6809619021415709,0.007152202129364,0.176495070563152,8156.006805808582,9.006509966148213,Pretoria,-25.746,28.1871,38.73913666,-9.18058525
johannesburg,South Africa,los_angeles,Los Angeles,False,0.76530855178833,0.7691390299797058,-0.0038304781913757,0.2988981225807738,16638.22077961625,9.71945778435648,Pretoria,-25.746,28.1871,33.95485806,-117.91785357
johannesburg,South Africa,luanda,Luanda,False,0.8407498359680176,0.8220069527626037,0.0187428832054138,0.6658158337280955,2441.916083664702,7.800538290306534,Pretoria,-25.746,28.1871,-8.91700035,13.33420531
johannesburg,South Africa,manchester,Manchester,False,0.7073047614097595,0.7278493857383728,-0.0205446243286132,0.0957493658002468,9294.731177566338,9.137202978550265,Pretoria,-25.746,28.1871,53.49901111,-2.48518399
johannesburg,South Africa,melbourne,Melbourne,False,0.7631695389747619,0.7397071838378906,0.0234623551368713,0.5914471787685252,10357.887533788653,9.245503589016861,Pretoria,-25.746,28.1871,-37.85772494,145.0680694
johannesburg,South Africa,montreal,Montreal,False,0.6723982095718384,0.6839725494384765,-0.0115743398666381,0.1170754412513276,12907.72754076659,9.46558144516837,Pretoria,-25.746,28.1871,45.54425086,-73.66792601
johannesburg,South Africa,mumbai,Mumbai,False,0.7752396011352539,0.7579404282569885,0.0172991728782653,0.1251585509783127,6957.964532336637,8.847642258305482,Pretoria,-25.746,28.1871,19.16723895,73.03334941
johannesburg,South Africa,nairobi,Nairobi,False,0.8483230733871461,0.8369765138626098,0.011346559524536,0.6133417024201603,2958.2672140706118,7.992358975252424,Pretoria,-25.746,28.1871,-0.60469055,37.20872491
johannesburg,South Africa,osaka,Osaka,False,0.8638084030151367,0.8635172724723816,0.0002911305427551,0.0902521933893361,13110.934739069173,9.48120187391621,Pretoria,-25.746,28.1871,34.80203698,135.50414387
johannesburg,South Africa,paris,Paris,False,0.7919538235664367,0.7928210139274597,-0.0008671903610229,0.078225695066043,8682.373539536782,9.069050219529352,Pretoria,-25.746,28.1871,48.83203823,2.31681512
johannesburg,South Africa,rio_de_janeiro,Rio de Janeiro,False,0.8177868151664734,0.8044454097747803,0.013341405391693,0.7517650148573576,7161.742628939452,8.876508614271719,Pretoria,-25.746,28.1871,-22.81809593,-43.30703736
lisbon,Portugal,bangkok,Bangkok,False,0.8490229868888856,0.8622356534004212,-0.0132126665115356,0.1473887400829286,10673.466862210238,9.275516208317478,Lisbon,38.7072,-9.13552,13.91617248,100.51591153
lisbon,Portugal,buenos_aires,Buenos Aires,False,0.7545454835891723,0.781845781803131,-0.0273002982139587,0.1609315947729027,9612.427162850074,9.170812036448398,Lisbon,38.7072,-9.13552,-34.64321156,-58.57475523
lisbon,Portugal,chengdu,Chengdu,False,0.755883219242096,0.7719492721557617,-0.0160660529136657,0.305954261260412,9648.81547987057,9.174590438598914,Lisbon,38.7072,-9.13552,30.74737304,103.99282403
lisbon,Portugal,johannesburg,Johannesburg,False,0.7445050621032715,0.7651658391952514,-0.0206607770919799,0.1243156249022454,8172.180777919046,9.008491077317778,Lisbon,38.7072,-9.13552,-26.00496979,28.11155799
lisbon,Portugal,lisbon,Lisbon,True,0.7205305480957032,0.6809619021415709,0.039568645954132,0.9688532675215468,5.281588423873639,1.664226890330392,Lisbon,38.7072,-9.13552,38.73913666,-9.18058525
lisbon,Portugal,los_angeles,Los Angeles,False,0.7717038869857789,0.7691390299797058,0.0025648570060729,0.6766095731450934,9107.085436692867,9.116808008954896,Lisbon,38.7072,-9.13552,33.95485806,-117.91785357
lisbon,Portugal,luanda,Luanda,False,0.805947527885437,0.8220069527626037,-0.0160594248771667,0.1956952321230399,5783.745567172286,8.662806773792955,Lisbon,38.7072,-9.13552,-8.91700035,13.33420531
lisbon,Portugal,manchester,Manchester,False,0.7452902102470398,0.7278493857383728,0.0174408245086669,0.449601785433274,1720.991449164149,7.4506558276716826,Lisbon,38.7072,-9.13552,53.49901111,-2.48518399
lisbon,Portugal,melbourne,Melbourne,False,0.7217051339149475,0.7397071838378906,-0.0180020499229431,0.1869175582140099,17768.947937538764,9.78520771498067,Lisbon,38.7072,-9.13552,-37.85772494,145.0680694
lisbon,Portugal,montreal,Montreal,False,0.6854459810256958,0.6839725494384765,0.0014734315872192,0.2846641020167973,5231.646314089884,8.562481290334029,Lisbon,38.7072,-9.13552,45.54425086,-73.66792601
lisbon,Portugal,mumbai,Mumbai,False,0.7416893076896667,0.7579404282569885,-0.0162511205673217,0.1661338880446334,8027.934275366903,8.990682522957815,Lisbon,38.7072,-9.13552,19.16723895,73.03334941
lisbon,Portugal,nairobi,Nairobi,False,0.8248121261596679,0.8369765138626098,-0.0121643877029419,0.1780328775763268,6433.175088399068,8.769223488264164,Lisbon,38.7072,-9.13552,-0.60469055,37.20872491
lisbon,Portugal,osaka,Osaka,False,0.8658893585205079,0.8635172724723816,0.0023720860481262,0.5872259659545221,11067.848009263578,9.311799608364348,Lisbon,38.7072,-9.13552,34.80203698,135.50414387
lisbon,Portugal,paris,Paris,False,0.8129747581481933,0.7928210139274597,0.0201537442207336,0.5607298593949199,1450.3507306520175,7.279560689373882,Lisbon,38.7072,-9.13552,48.83203823,2.31681512
lisbon,Portugal,rio_de_janeiro,Rio de Janeiro,False,0.7845740127563476,0.8044454097747803,-0.0198713970184326,0.1926951883492667,7711.818586570232,8.950509312488055,Lisbon,38.7072,-9.13552,-22.81809593,-43.30703736
los_angeles,United States,bangkok,Bangkok,False,0.87222904920578,0.8622356534004212,0.0099933958053589,0.2674786715110958,14137.852465036456,9.556611051327495,Washington D.C.,38.8895,-77.032,13.91617248,100.51591153
los_angeles,United States,buenos_aires,Buenos Aires,False,0.7802704071998596,0.781845781803131,-0.0015753746032714,0.311253730914744,8394.255939546996,9.035302934201516,Washington D.C.,38.8895,-77.032,-34.64321156,-58.57475523
los_angeles,United States,chengdu,Chengdu,False,0.7791545033454895,0.7719492721557617,0.0072052311897278,0.3353607272427699,12271.109602792842,9.41500296579167,Washington D.C.,38.8895,-77.032,30.74737304,103.99282403
los_angeles,United States,johannesburg,Johannesburg,False,0.7580595207214356,0.7651658391952514,-0.0071063184738159,0.2263162475282302,13038.65373527828,9.475673588991267,Washington D.C.,38.8895,-77.032,-26.00496979,28.11155799
los_angeles,United States,lisbon,Lisbon,False,0.7056149411201477,0.6809619021415709,0.0246530389785766,0.4965917764676429,5732.642114094175,8.653931805370112,Washington D.C.,38.8895,-77.032,38.73913666,-9.18058525
los_angeles,United States,los_angeles,Los Angeles,True,0.8116416501998902,0.7691390299797058,0.0425026202201843,0.6054239537967191,3668.282860831054,8.207478946223981,Washington D.C.,38.8895,-77.032,33.95485806,-117.91785357
los_angeles,United States,luanda,Luanda,False,0.8231863570213317,0.8220069527626037,0.001179404258728,0.1600767348766909,10659.99941308671,9.274253642662302,Washington D.C.,38.8895,-77.032,-8.91700035,13.33420531
los_angeles,United States,manchester,Manchester,False,0.7503416514396667,0.7278493857383728,0.0224922657012939,0.5276305690090102,5681.463107094126,8.64496406782191,Washington D.C.,38.8895,-77.032,53.49901111,-2.48518399
los_angeles,United States,melbourne,Melbourne,False,0.7272937989234924,0.7397071838378906,-0.0124133849143982,0.2720727587562592,16376.202680596174,9.703584503949694,Washington D.C.,38.8895,-77.032,-37.85772494,145.0680694
los_angeles,United States,montreal,Montreal,False,0.7523969769477844,0.6839725494384765,0.0684244275093078,0.8201311281049926,789.9393065464103,6.671956115353267,Washington D.C.,38.8895,-77.032,45.54425086,-73.66792601
los_angeles,United States,mumbai,Mumbai,False,0.7548765850067138,0.7579404282569885,-0.0030638432502746,0.2690790618049428,12846.473905814762,9.46082464845089,Washington D.C.,38.8895,-77.032,19.16723895,73.03334941
los_angeles,United States,nairobi,Nairobi,False,0.8365520668029784,0.8369765138626098,-0.0004244470596314,0.0946577452348528,12124.383535398174,9.402973872071776,Washington D.C.,38.8895,-77.032,-0.60469055,37.20872491
los_angeles,United States,osaka,Osaka,False,0.8730157279968263,0.8635172724723816,0.0094984555244445,0.7226436266982332,11163.849939883867,9.320436153136628,Washington D.C.,38.8895,-77.032,34.80203698,135.50414387
los_angeles,United States,paris,Paris,False,0.8112253522872924,0.7928210139274597,0.0184043383598327,0.669079830802757,6164.311207591358,8.726531683094047,Washington D.C.,38.8895,-77.032,48.83203823,2.31681512
los_angeles,United States,rio_de_janeiro,Rio de Janeiro,False,0.7982371401786803,0.8044454097747803,-0.0062082695960999,0.3335448166550332,7707.456533738409,8.949943520268361,Washington D.C.,38.8895,-77.032,-22.81809593,-43.30703736
luanda,Angola,bangkok,Bangkok,False,0.8558588552474976,0.8622356534004212,-0.0063767981529235,0.0090892387132394,9951.624762496373,9.205491109535037,Luanda,-8.81155,13.242,13.91617248,100.51591153
luanda,Angola,buenos_aires,Buenos Aires,False,0.7768310737609864,0.781845781803131,-0.0050147080421447,0.2655700172737754,7792.048044503296,8.960859011179041,Luanda,-8.81155,13.242,-34.64321156,-58.57475523
luanda,Angola,chengdu,Chengdu,False,0.7592585349082946,0.7719492721557617,-0.012690737247467,0.0498958559100176,10578.177564789681,9.266548437719646,Luanda,-8.81155,13.242,30.74737304,103.99282403
luanda,Angola,johannesburg,Johannesburg,False,0.778883535861969,0.7651658391952514,0.0137176966667175,0.7696266256574703,2473.5858001339566,7.813424117809823,Luanda,-8.81155,13.242,-26.00496979,28.11155799
luanda,Angola,lisbon,Lisbon,False,0.6537854862213135,0.6809619021415709,-0.0271764159202575,0.2091027402052095,5774.049622783584,8.661128954363917,Luanda,-8.81155,13.242,38.73913666,-9.18058525
luanda,Angola,los_angeles,Los Angeles,False,0.7565601110458374,0.7691390299797058,-0.0125789189338684,0.1943209169335876,14309.213600387824,9.568658916490323,Luanda,-8.81155,13.242,33.95485806,-117.91785357
luanda,Angola,luanda,Luanda,True,0.8561101174354553,0.8220069527626037,0.0341031646728515,0.8283266202835946,15.49555076940308,2.7405529355840015,Luanda,-8.81155,13.242,-8.91700035,13.33420531
luanda,Angola,manchester,Manchester,False,0.6945719361305237,0.7278493857383728,-0.0332774496078491,0.081364640828403,7085.9567205640715,8.865870177668135,Luanda,-8.81155,13.242,53.49901111,-2.48518399
luanda,Angola,melbourne,Melbourne,False,0.7453359341621398,0.7397071838378906,0.0056287503242492,0.2382649902901241,12813.308687304312,9.458239650946863,Luanda,-8.81155,13.242,-37.85772494,145.0680694
luanda,Angola,montreal,Montreal,False,0.6658587741851807,0.6839725494384765,-0.0181137752532959,0.0712557098922037,10466.886787463649,9.255971913656488,Luanda,-8.81155,13.242,45.54425086,-73.66792601
luanda,Angola,mumbai,Mumbai,False,0.7581474661827088,0.7579404282569885,0.0002070379257202,0.0186657651868454,7250.6078283317875,8.88884058272507,Luanda,-8.81155,13.242,19.16723895,73.03334941
luanda,Angola,nairobi,Nairobi,False,0.8362237405776977,0.8369765138626098,-0.0007527732849121,0.6571948879776794,2806.0644117897477,7.939538215420237,Luanda,-8.81155,13.242,-0.60469055,37.20872491
luanda,Angola,osaka,Osaka,False,0.8530272769927978,0.8635172724723816,-0.0104899954795838,0.0819310901126943,13495.798508890559,9.510133694423377,Luanda,-8.81155,13.242,34.80203698,135.50414387
luanda,Angola,paris,Paris,False,0.7761237883567811,0.7928210139274597,-0.0166972255706787,0.070772357292754,6498.216768050377,8.779283074867836,Luanda,-8.81155,13.242,48.83203823,2.31681512
luanda,Angola,rio_de_janeiro,Rio de Janeiro,False,0.7993096041679382,0.8044454097747803,-0.005135805606842,0.7194842130031796,6209.222073957188,8.733790897186424,Luanda,-8.81155,13.242,-22.81809593,-43.30703736
manchester,United Kingdom,bangkok,Bangkok,False,0.8564107608795165,0.8622356534004212,-0.0058248925209045,0.1465679303414354,9518.85703071977,9.161030060779312,London,51.5002,-0.126236,13.91617248,100.51591153
manchester,United Kingdom,buenos_aires,Buenos Aires,False,0.7601055693626403,0.781845781803131,-0.0217402124404907,0.1139486674302322,11140.542023047965,9.318346167867466,London,51.5002,-0.126236,-34.64321156,-58.57475523
manchester,United Kingdom,chengdu,Chengdu,False,0.7669846415519714,0.7719492721557617,-0.0049646306037902,0.2435209057066374,8268.38471075603,9.020194449805771,London,51.5002,-0.126236,30.74737304,103.99282403
manchester,United Kingdom,johannesburg,Johannesburg,False,0.7385834622383117,0.7651658391952514,-0.0265823769569396,0.1299779204982731,9049.780886946302,9.110495825013723,London,51.5002,-0.126236,-26.00496979,28.11155799
manchester,United Kingdom,lisbon,Lisbon,False,0.7211067318916321,0.6809619021415709,0.040144829750061,0.4709032206335068,1584.0524202805816,7.367741665438268,London,51.5002,-0.126236,38.73913666,-9.18058525
manchester,United Kingdom,los_angeles,Los Angeles,False,0.7836992907524108,0.7691390299797058,0.014560260772705,0.3662263374538257,8748.348894619565,9.076620263788234,London,51.5002,-0.126236,33.95485806,-117.91785357
manchester,United Kingdom,luanda,Luanda,False,0.8111640167236327,0.8220069527626037,-0.0108429360389709,0.095130102846761,6841.187666160403,8.830716630947283,London,51.5002,-0.126236,-8.91700035,13.33420531
manchester,United Kingdom,manchester,Manchester,True,0.7938065624237061,0.7278493857383728,0.0659571766853332,0.9898742043549144,273.6399014501844,5.611813013748691,London,51.5002,-0.126236,53.49901111,-2.48518399
manchester,United Kingdom,melbourne,Melbourne,False,0.7251551795005798,0.7397071838378906,-0.0145520043373108,0.2137802885496077,16913.975661837943,9.735895521405217,London,51.5002,-0.126236,-37.85772494,145.0680694
manchester,United Kingdom,montreal,Montreal,False,0.709612729549408,0.6839725494384765,0.0256401801109314,0.4606152724295911,5224.918818125045,8.56119453951136,London,51.5002,-0.126236,45.54425086,-73.66792601
manchester,United Kingdom,mumbai,Mumbai,False,0.7346403646469116,0.7579404282569885,-0.0233000636100769,0.2122530218262056,7194.727839332485,8.881103792245018,London,51.5002,-0.126236,19.16723895,73.03334941
manchester,United Kingdom,nairobi,Nairobi,False,0.827799551486969,0.8369765138626098,-0.0091769623756408,0.0476128591575593,6769.307610021135,8.820154087414775,London,51.5002,-0.126236,-0.60469055,37.20872491
manchester,United Kingdom,osaka,Osaka,False,0.8701847147941588,0.8635172724723816,0.0066674423217773,0.4874728700485851,9489.226843704633,9.157912417653305,London,51.5002,-0.126236,34.80203698,135.50414387
manchester,United Kingdom,paris,Paris,False,0.8297017526626587,0.7928210139274597,0.0368807387351989,0.9085827850182946,343.90616910493105,5.840368855936618,London,51.5002,-0.126236,48.83203823,2.31681512
manchester,United Kingdom,rio_de_janeiro,Rio de Janeiro,False,0.7924231219291688,0.8044454097747803,-0.0120222878456115,0.126937690106533,9273.854825864892,9.134954410943276,London,51.5002,-0.126236,-22.81809593,-43.30703736
melbourne,Australia,bangkok,Bangkok,False,0.865561158657074,0.8622356534004212,0.0033255052566528,0.2814786995290844,7490.054935918205,8.921331411052886,Canberra,-35.282,149.129,13.91617248,100.51591153
melbourne,Australia,buenos_aires,Buenos Aires,False,0.8146711826324463,0.781845781803131,0.0328254008293152,0.9066459685932746,11724.595091950789,9.369444058982637,Canberra,-35.282,149.129,-34.64321156,-58.57475523
melbourne,Australia,chengdu,Chengdu,False,0.7598203969001769,0.7719492721557617,-0.0121288752555847,0.2341709510628253,8727.285468873974,9.07420965762568,Canberra,-35.282,149.129,30.74737304,103.99282403
melbourne,Australia,johannesburg,Johannesburg,False,0.7819943165779113,0.7651658391952514,0.0168284773826599,0.6491175548139401,10804.81187160194,9.28774685755405,Canberra,-35.282,149.129,-26.00496979,28.11155799
melbourne,Australia,lisbon,Lisbon,False,0.6421383023262024,0.6809619021415709,-0.0388235998153686,0.3040872301674555,18056.08832103755,9.801238209991697,Canberra,-35.282,149.129,38.73913666,-9.18058525
melbourne,Australia,los_angeles,Los Angeles,False,0.7573709630966187,0.7691390299797058,-0.0117680668830871,0.4242765057968417,12336.716825932903,9.420335202572476,Canberra,-35.282,149.129,33.95485806,-117.91785357
melbourne,Australia,luanda,Luanda,False,0.8320345282554626,0.8220069527626037,0.0100275754928588,0.5201694136717899,13259.664007007805,9.492481924580796,Canberra,-35.282,149.129,-8.91700035,13.33420531
melbourne,Australia,manchester,Manchester,False,0.7000790596008301,0.7278493857383728,-0.0277703261375427,0.212411685471301,17019.732138103496,9.742128663936747,Canberra,-35.282,149.129,53.49901111,-2.48518399
melbourne,Australia,melbourne,Melbourne,True,0.7823413300514221,0.7397071838378906,0.0426341462135314,0.9641661792792692,462.03052972863355,6.135630970562151,Canberra,-35.282,149.129,-37.85772494,145.0680694
melbourne,Australia,montreal,Montreal,False,0.6670185136795044,0.6839725494384765,-0.0169540357589721,0.2759469519803319,16265.986349850336,9.69683147954343,Canberra,-35.282,149.129,45.54425086,-73.66792601
melbourne,Australia,mumbai,Mumbai,False,0.7469666790962218,0.7579404282569885,-0.0109737491607666,0.3404244825340074,10035.292788717687,9.213863437557938,Canberra,-35.282,149.129,19.16723895,73.03334941
melbourne,Australia,nairobi,Nairobi,False,0.8350407385826111,0.8369765138626098,-0.0019357752799988,0.3692058843957885,11939.624362993205,9.387617926065875,Canberra,-35.282,149.129,-0.60469055,37.20872491
melbourne,Australia,osaka,Osaka,False,0.8565661239624024,0.8635172724723816,-0.0069511485099792,0.3247864190151792,7920.368696881872,8.97719303636153,Canberra,-35.282,149.129,34.80203698,135.50414387
melbourne,Australia,paris,Paris,False,0.7784332323074341,0.7928210139274597,-0.0143877816200256,0.2303990371425173,16922.95402628015,9.736426205763147,Canberra,-35.282,149.129,48.83203823,2.31681512
melbourne,Australia,rio_de_janeiro,Rio de Janeiro,False,0.8175586509704591,0.8044454097747803,0.0131132411956786,0.6807792376216059,13423.021932679927,9.504726566448896,Canberra,-35.282,149.129,-22.81809593,-43.30703736
montreal,Canada,bangkok,Bangkok,False,0.8446667885780335,0.8622356534004212,-0.0175688648223876,0.1871254281208886,13406.014709892032,9.503458744179126,Ottawa,45.4215,-75.6919,13.91617248,100.51591153
montreal,Canada,buenos_aires,Buenos Aires,False,0.756392376422882,0.781845781803131,-0.025453405380249,0.2574457606428942,9067.884739575755,9.112494300869065,Ottawa,45.4215,-75.6919,-34.64321156,-58.57475523
montreal,Canada,chengdu,Chengdu,False,0.7659768223762512,0.7719492721557617,-0.0059724497795104,0.2808672239188787,11545.450573480193,9.354046748613024,Ottawa,45.4215,-75.6919,30.74737304,103.99282403
montreal,Canada,johannesburg,Johannesburg,False,0.7397992062568665,0.7651658391952514,-0.025366632938385,0.2172869701328876,13073.064392662603,9.478309239172203,Ottawa,45.4215,-75.6919,-26.00496979,28.11155799
montreal,Canada,lisbon,Lisbon,False,0.6821890091896057,0.6809619021415709,0.0012271070480346,0.3539555238353581,5381.736132799746,8.59076630236287,Ottawa,45.4215,-75.6919,38.73913666,-9.18058525
montreal,Canada,los_angeles,Los Angeles,False,0.766594889163971,0.7691390299797058,-0.0025441408157348,0.4694143731720992,3781.514433499158,8.237879852160189,Ottawa,45.4215,-75.6919,33.95485806,-117.91785357
montreal,Canada,luanda,Luanda,False,0.7933780312538147,0.8220069527626037,-0.028628921508789,0.1525056012603224,10636.900033159023,9.272084370177891,Ottawa,45.4215,-75.6919,-8.91700035,13.33420531
montreal,Canada,manchester,Manchester,False,0.7398314356803894,0.7278493857383728,0.0119820499420166,0.5071449583208938,5127.899263964454,8.54245135409485,Ottawa,45.4215,-75.6919,53.49901111,-2.48518399
montreal,Canada,melbourne,Melbourne,False,0.7220558047294616,0.7397071838378906,-0.0176513791084289,0.232921712934195,16564.601647822943,9.715023266622502,Ottawa,45.4215,-75.6919,-37.85772494,145.0680694
montreal,Canada,montreal,Montreal,True,0.7633191823959351,0.6839725494384765,0.0793466329574585,0.9611537612364184,158.3767355298458,5.064976596938614,Ottawa,45.4215,-75.6919,45.54425086,-73.66792601
montreal,Canada,mumbai,Mumbai,False,0.7368402218818665,0.7579404282569885,-0.021100206375122,0.2253348974143426,12168.882271247634,9.40663733880957,Ottawa,45.4215,-75.6919,19.16723895,73.03334941
montreal,Canada,nairobi,Nairobi,False,0.8255756902694703,0.8369765138626098,-0.0114008235931396,0.0790777477447092,11819.791198057463,9.377530625665097,Ottawa,45.4215,-75.6919,-0.60469055,37.20872491
montreal,Canada,osaka,Osaka,False,0.8685947012901307,0.8635172724723816,0.005077428817749,0.6384714870880784,10559.122344517722,9.264745442491707,Ottawa,45.4215,-75.6919,34.80203698,135.50414387
montreal,Canada,paris,Paris,False,0.8110849404335022,0.7928210139274597,0.0182639265060425,0.5845835593155719,5647.371878763623,8.638945561721583,Ottawa,45.4215,-75.6919,48.83203823,2.31681512
montreal,Canada,rio_de_janeiro,Rio de Janeiro,False,0.7892239689826965,0.8044454097747803,-0.0152214407920837,0.3298035484500103,8265.075961571376,9.019794200965627,Ottawa,45.4215,-75.6919,-22.81809593,-43.30703736
mumbai,India,bangkok,Bangkok,False,0.8799264216423035,0.8622356534004212,0.0176907682418823,0.836517987649141,2906.082413824756,7.974561203612732,New Delhi,28.6353,77.225,13.91617248,100.51591153
mumbai,India,buenos_aires,Buenos Aires,False,0.7587715244293213,0.781845781803131,-0.0230742573738098,0.1430141598019569,15811.284466009258,9.668479170800264,New Delhi,28.6353,77.225,-34.64321156,-58.57475523
mumbai,India,chengdu,Chengdu,False,0.7814375591278077,0.7719492721557617,0.0094882869720459,0.6799799842283636,2590.1778351569883,7.859481814559216,New Delhi,28.6353,77.225,30.74737304,103.99282403
mumbai,India,johannesburg,Johannesburg,False,0.7570436191558838,0.7651658391952514,-0.0081222200393676,0.036355784747302,8024.784504679941,8.990290094638285,New Delhi,28.6353,77.225,-26.00496979,28.11155799
mumbai,India,lisbon,Lisbon,False,0.6539671087265014,0.6809619021415709,-0.0269947934150695,0.2208925679982486,7778.287003669634,8.959091413452468,New Delhi,28.6353,77.225,38.73913666,-9.18058525
mumbai,India,los_angeles,Los Angeles,False,0.7649382519721986,0.7691390299797058,-0.0042007780075073,0.2547839508003747,12875.27530466841,9.463064108190194,New Delhi,28.6353,77.225,33.95485806,-117.91785357
mumbai,India,luanda,Luanda,False,0.8173927187919616,0.8220069527626037,-0.0046142339706421,0.1758259842823085,8017.5119851378695,8.989383426438394,New Delhi,28.6353,77.225,-8.91700035,13.33420531
mumbai,India,manchester,Manchester,False,0.7043202757835388,0.7278493857383728,-0.0235291099548339,0.1430112033029906,6828.860792173883,8.828913143949375,New Delhi,28.6353,77.225,53.49901111,-2.48518399
mumbai,India,melbourne,Melbourne,False,0.7199734544754028,0.7397071838378906,-0.0197337293624878,0.2036888003616945,10216.293274526346,9.231739104673697,New Delhi,28.6353,77.225,-37.85772494,145.0680694
mumbai,India,montreal,Montreal,False,0.6741878867149353,0.6839725494384765,-0.0097846627235412,0.1062580022765008,11257.882937039236,9.328823867767674,New Delhi,28.6353,77.225,45.54425086,-73.66792601
mumbai,India,mumbai,Mumbai,True,0.8081796836853027,0.7579404282569885,0.0502392554283142,0.858602848078023,1135.4735691529054,7.034805084438865,New Delhi,28.6353,77.225,19.16723895,73.03334941
mumbai,India,nairobi,Nairobi,False,0.8324932646751403,0.8369765138626098,-0.0044832491874694,0.0525156104917746,5354.81460001672,8.585751360436882,New Delhi,28.6353,77.225,-0.60469055,37.20872491
mumbai,India,osaka,Osaka,False,0.8780810713768006,0.8635172724723816,0.0145637989044188,0.3935980396474207,5478.991573620801,8.60867634359615,New Delhi,28.6353,77.225,34.80203698,135.50414387
mumbai,India,paris,Paris,False,0.7801774406433106,0.7928210139274597,-0.0126435732841491,0.1684697469128527,6589.100710488051,8.793172155436267,New Delhi,28.6353,77.225,48.83203823,2.31681512
mumbai,India,rio_de_janeiro,Rio de Janeiro,False,0.7944570732116699,0.8044454097747803,-0.0099883365631103,0.0335441323499778,14082.166025633163,9.552664454928138,New Delhi,28.6353,77.225,-22.81809593,-43.30703736
nairobi,Kenya,bangkok,Bangkok,False,0.8596200942993164,0.8622356534004212,-0.0026155591011047,-0.020452570765672,7214.181855977098,8.883804069903317,Nairobi,-1.27975,36.8126,13.91617248,100.51591153
nairobi,Kenya,buenos_aires,Buenos Aires,False,0.7946138358116149,0.781845781803131,0.0127680540084838,0.2085661754495118,10418.94858613867,9.251381406774676,Nairobi,-1.27975,36.8126,-34.64321156,-58.57475523
nairobi,Kenya,chengdu,Chengdu,False,0.7652405714988708,0.7719492721557617,-0.0067087006568908,0.1711486295061091,7920.12654127237,8.977162462114213,Nairobi,-1.27975,36.8126,30.74737304,103.99282403
nairobi,Kenya,johannesburg,Johannesburg,False,0.788058979511261,0.7651658391952514,0.0228931403160095,0.5258878570964184,2902.8359438059074,7.973443449787671,Nairobi,-1.27975,36.8126,-26.00496979,28.11155799
nairobi,Kenya,lisbon,Lisbon,False,0.6628786134719848,0.6809619021415709,-0.0180832886695861,0.181638320605398,6465.289299708442,8.77420303880623,Nairobi,-1.27975,36.8126,38.73913666,-9.18058525
nairobi,Kenya,los_angeles,Los Angeles,False,0.7530403113365173,0.7691390299797058,-0.0160987186431884,0.0898367588612132,15531.232570617814,9.650608280064667,Nairobi,-1.27975,36.8126,33.95485806,-117.91785357
nairobi,Kenya,luanda,Luanda,False,0.8405234289169311,0.8220069527626037,0.0185164761543274,0.4063168986281872,2733.4912340861047,7.9133349114837825,Nairobi,-1.27975,36.8126,-8.91700035,13.33420531
nairobi,Kenya,manchester,Manchester,False,0.6962777876853943,0.7278493857383728,-0.0315715980529785,0.0458072572836842,7088.924461039892,8.866288909999103,Nairobi,-1.27975,36.8126,53.49901111,-2.48518399
nairobi,Kenya,melbourne,Melbourne,False,0.758338680267334,0.7397071838378906,0.0186314964294433,0.2257753868003396,11509.428138853831,9.350921816628807,Nairobi,-1.27975,36.8126,-37.85772494,145.0680694
nairobi,Kenya,montreal,Montreal,False,0.674345760345459,0.6839725494384765,-0.0096267890930175,0.0504637568586528,11689.399777187122,9.366437708168199,Nairobi,-1.27975,36.8126,45.54425086,-73.66792601
nairobi,Kenya,mumbai,Mumbai,False,0.7590548205375671,0.7579404282569885,0.0011143922805786,0.0916125765637911,4561.024706386183,8.425302593576262,Nairobi,-1.27975,36.8126,19.16723895,73.03334941
nairobi,Kenya,nairobi,Nairobi,True,0.8490736317634584,0.8369765138626098,0.0120971179008484,0.924920224216572,87.02931123208772,4.466244972626566,Nairobi,-1.27975,36.8126,-0.60469055,37.20872491
nairobi,Kenya,osaka,Osaka,False,0.8596195411682128,0.8635172724723816,-0.0038977313041687,0.1275806028432735,10881.858273237633,9.294852302998335,Nairobi,-1.27975,36.8126,34.80203698,135.50414387
nairobi,Kenya,paris,Paris,False,0.7762467050552369,0.7928210139274597,-0.0165743088722228,0.0850134291983897,6481.892775815166,8.776767841728075,Nairobi,-1.27975,36.8126,48.83203823,2.31681512
nairobi,Kenya,rio_de_janeiro,Rio de Janeiro,False,0.8044624471664429,0.8044454097747803,1.7037391662544366e-05,0.3277917477344357,8939.981664835359,9.098288817252186,Nairobi,-1.27975,36.8126,-22.81809593,-43.30703736
osaka,Japan,bangkok,Bangkok,False,0.8825604033470154,0.8622356534004212,0.0203247499465942,0.3801498481743444,4596.3741091153,8.433023034506093,Tokyo,35.67,139.77,13.91617248,100.51591153
osaka,Japan,buenos_aires,Buenos Aires,False,0.7609803485870361,0.781845781803131,-0.0208654332160949,0.3096289761529623,18345.89769853874,9.817161269827015,Tokyo,35.67,139.77,-34.64321156,-58.57475523
osaka,Japan,chengdu,Chengdu,False,0.7844689273834228,0.7719492721557617,0.0125196552276611,0.7132052722965116,3354.4707348401776,8.11804928281529,Tokyo,35.67,139.77,30.74737304,103.99282403
osaka,Japan,johannesburg,Johannesburg,False,0.7557953119277954,0.7651658391952514,-0.009370527267456,0.1087474087208457,13529.967297708166,9.512662304141083,Tokyo,35.67,139.77,-26.00496979,28.11155799
osaka,Japan,lisbon,Lisbon,False,0.6860252594947814,0.6809619021415709,0.0050633573532104,0.5896596407017115,11147.51909634116,9.318972249560597,Tokyo,35.67,139.77,38.73913666,-9.18058525
osaka,Japan,los_angeles,Los Angeles,False,0.7708896374702453,0.7691390299797058,0.0017506074905395,0.5550332381518945,8841.526117775913,9.087214778488963,Tokyo,35.67,139.77,33.95485806,-117.91785357
osaka,Japan,luanda,Luanda,False,0.8205559039115906,0.8220069527626037,-0.0014510488510131,0.232049596475192,13848.757040664246,9.535950763231847,Tokyo,35.67,139.77,-8.91700035,13.33420531
osaka,Japan,manchester,Manchester,False,0.7219285273551941,0.7278493857383728,-0.0059208583831787,0.5009075700482899,9455.026188088399,9.154301750849525,Tokyo,35.67,139.77,53.49901111,-2.48518399
osaka,Japan,melbourne,Melbourne,False,0.7298258185386658,0.7397071838378906,-0.0098813652992248,0.2998481856698458,8194.11884376085,9.011171961755709,Tokyo,35.67,139.77,-37.85772494,145.0680694
osaka,Japan,montreal,Montreal,False,0.7165910577774047,0.6839725494384765,0.0326185083389282,0.6986773188853965,10380.902452702869,9.24772309443422,Tokyo,35.67,139.77,45.54425086,-73.66792601
osaka,Japan,mumbai,Mumbai,False,0.7977041864395141,0.7579404282569885,0.0397637581825256,0.4647332156036881,6711.910419751312,8.811638901775398,Tokyo,35.67,139.77,19.16723895,73.03334941
osaka,Japan,nairobi,Nairobi,False,0.8343325328826904,0.8369765138626098,-0.0026439809799194,0.0917305269669215,11178.928049636503,9.321785861042127,Tokyo,35.67,139.77,-0.60469055,37.20872491
osaka,Japan,osaka,Osaka,True,0.9035303664207458,0.8635172724723816,0.0400130939483642,0.9892730283964144,399.23667965624634,5.989554423122762,Tokyo,35.67,139.77,34.80203698,135.50414387
osaka,Japan,paris,Paris,False,0.7919001412391663,0.7928210139274597,-0.0009208726882934,0.5703323897833524,9720.884687402498,9.182031910535148,Tokyo,35.67,139.77,48.83203823,2.31681512
osaka,Japan,rio_de_janeiro,Rio de Janeiro,False,0.7946545457839966,0.8044454097747803,-0.0097908639907836,0.3133316733783827,18555.445748318933,9.828518596289896,Tokyo,35.67,139.77,-22.81809593,-43.30703736
paris,France,bangkok,Bangkok,False,0.8577164053916931,0.8622356534004212,-0.004519248008728,0.1908410136524533,9430.748875060819,9.151730786584743,Paris,48.8566,2.35097,13.91617248,100.51591153
paris,France,buenos_aires,Buenos Aires,False,0.7490110754966736,0.781845781803131,-0.0328347063064575,0.1442955553885119,11063.933349464967,9.311445849236154,Paris,48.8566,2.35097,-34.64321156,-58.57475523
paris,France,chengdu,Chengdu,False,0.7690326595306397,0.7719492721557617,-0.002916612625122,0.3206259189030698,8259.801390531393,9.019155821496089,Paris,48.8566,2.35097,30.74737304,103.99282403
paris,France,johannesburg,Johannesburg,False,0.7404713726043701,0.7651658391952514,-0.0246944665908813,0.1484877928622525,8709.197589387853,9.072134940388967,Paris,48.8566,2.35097,-26.00496979,28.11155799
paris,France,lisbon,Lisbon,False,0.7247336053848267,0.6809619021415709,0.0437717032432556,0.6755591131278869,1453.4292477698048,7.281681041669203,Paris,48.8566,2.35097,38.73913666,-9.18058525
paris,France,los_angeles,Los Angeles,False,0.7785308599472046,0.7691390299797058,0.0093918299674987,0.4822857690410296,9077.102994961377,9.113510367268617,Paris,48.8566,2.35097,33.95485806,-117.91785357
paris,France,luanda,Luanda,False,0.8033186721801758,0.8220069527626037,-0.0186882805824279,0.1132213890484067,6513.41501686219,8.781619177821703,Paris,48.8566,2.35097,-8.91700035,13.33420531
paris,France,manchester,Manchester,False,0.7658562970161438,0.7278493857383728,0.0380069112777709,0.8290618282877071,616.2276015930237,6.423616378397004,Paris,48.8566,2.35097,53.49901111,-2.48518399
paris,France,melbourne,Melbourne,False,0.7215989184379578,0.7397071838378906,-0.0181082653999328,0.2014347557363339,16801.766374574603,9.729239301208112,Paris,48.8566,2.35097,-37.85772494,145.0680694
paris,France,montreal,Montreal,False,0.7026865673065185,0.6839725494384765,0.0187140178680419,0.4527999872268439,5509.071552498646,8.61415138568001,Paris,48.8566,2.35097,45.54425086,-73.66792601
paris,France,mumbai,Mumbai,False,0.7414041185379029,0.7579404282569885,-0.0165363097190856,0.1988166398567237,7013.533708515105,8.855596948381171,Paris,48.8566,2.35097,19.16723895,73.03334941
paris,France,nairobi,Nairobi,False,0.8137948083877564,0.8369765138626098,-0.0231817054748535,0.1061058368204623,6434.3083348882255,8.76939962938746,Paris,48.8566,2.35097,-0.60469055,37.20872491
paris,France,osaka,Osaka,False,0.8722870230674744,0.8635172724723816,0.0087697505950927,0.590383213443848,9623.176359769031,9.171929672089538,Paris,48.8566,2.35097,34.80203698,135.50414387
paris,France,paris,Paris,True,0.8324457144737243,0.7928210139274597,0.0396247005462647,0.94362661553917,3.702181463922326,1.3089222307571915,Paris,48.8566,2.35097,48.83203823,2.31681512
paris,France,rio_de_janeiro,Rio de Janeiro,False,0.7775588226318358,0.8044454097747803,-0.0268865871429443,0.1800081787651042,9165.20216793908,9.123169218725451,Paris,48.8566,2.35097,-22.81809593,-43.30703736
rio_de_janeiro,Brazil,bangkok,Bangkok,False,0.8750199556350708,0.8622356534004212,0.0127843022346496,0.166301931008001,16620.274472385652,9.71837858285705,Brasilia,-15.7801,-47.9292,13.91617248,100.51591153
rio_de_janeiro,Brazil,buenos_aires,Buenos Aires,False,0.8174557542800903,0.781845781803131,0.0356099724769592,0.5962535717180439,2351.272168555496,7.762711808983551,Brasilia,-15.7801,-47.9292,-34.64321156,-58.57475523
rio_de_janeiro,Brazil,chengdu,Chengdu,False,0.7651277780532837,0.7719492721557617,-0.006821494102478,0.0314518196492387,16713.982130817567,9.72400090144615,Brasilia,-15.7801,-47.9292,30.74737304,103.99282403
rio_de_janeiro,Brazil,johannesburg,Johannesburg,False,0.778760154247284,0.7651658391952514,0.0135943150520325,0.763710939481407,7879.321361959136,8.971997057564458,Brasilia,-15.7801,-47.9292,-26.00496979,28.11155799
rio_de_janeiro,Brazil,lisbon,Lisbon,False,0.6485413718223573,0.6809619021415709,-0.0324205303192138,0.2222373190004591,7279.583981330423,8.892828994136224,Brasilia,-15.7801,-47.9292,38.73913666,-9.18058525
rio_de_janeiro,Brazil,los_angeles,Los Angeles,False,0.768672034740448,0.7691390299797058,-0.0004669952392578,0.3037305115912065,9233.088720184343,9.130548910757582,Brasilia,-15.7801,-47.9292,33.95485806,-117.91785357
rio_de_janeiro,Brazil,luanda,Luanda,False,0.8429249119758605,0.8220069527626037,0.0209179592132568,0.7725558132874576,6677.40548255725,8.806484790268776,Brasilia,-15.7801,-47.9292,-8.91700035,13.33420531
rio_de_janeiro,Brazil,manchester,Manchester,False,0.6968921303749085,0.7278493857383728,-0.0309572553634643,0.0954086563476997,8834.993821534026,9.08647568543652,Brasilia,-15.7801,-47.9292,53.49901111,-2.48518399
rio_de_janeiro,Brazil,melbourne,Melbourne,False,0.7623962616920471,0.7397071838378906,0.0226890778541564,0.502568773955111,13898.186974072605,9.539513677091636,Brasilia,-15.7801,-47.9292,-37.85772494,145.0680694
rio_de_janeiro,Brazil,montreal,Montreal,False,0.6599403285980225,0.6839725494384765,-0.024032220840454,0.2289017338459607,7295.250173703537,8.894978754228157,Brasilia,-15.7801,-47.9292,45.54425086,-73.66792601
rio_de_janeiro,Brazil,mumbai,Mumbai,False,0.7701641726493835,0.7579404282569885,0.012223744392395,0.098001780694466,13770.814695572466,9.53030675450214,Brasilia,-15.7801,-47.9292,19.16723895,73.03334941
rio_de_janeiro,Brazil,nairobi,Nairobi,False,0.8455803489685059,0.8369765138626098,0.0086038351058959,0.5484148153666938,9469.020810122513,9.155780781691774,Brasilia,-15.7801,-47.9292,-0.60469055,37.20872491
rio_de_janeiro,Brazil,osaka,Osaka,False,0.8589252638816832,0.8635172724723816,-0.0045920085906983,0.2036002224454617,17872.41831108296,9.791013926981964,Brasilia,-15.7801,-47.9292,34.80203698,135.50414387
rio_de_janeiro,Brazil,paris,Paris,False,0.7718738913536072,0.7928210139274597,-0.0209471225738525,0.1438813913230845,8722.255210098649,9.073633108476654,Brasilia,-15.7801,-47.9292,48.83203823,2.31681512
rio_de_janeiro,Brazil,rio_de_janeiro,Rio de Janeiro,True,0.8421205019950866,0.8044454097747803,0.0376750922203064,0.9179770571339596,920.5063047204121,6.824923849884236,Brasilia,-15.7801,-47.9292,-22.81809593,-43.30703736
