city,scope,poi_retained_pct,r2,delta_r2
bangkok,city,1,0.869140272140503,0.00690461874008184
bangkok,city,2,0.8764039301872254,0.01416827678680418
bangkok,city,5,0.8809239530563355,0.0186882996559143
bangkok,city,10,0.8902360558509826,0.028000402450561502
bangkok,city,20,0.8945134830474852,0.03227782964706418
bangkok,city,40,0.9016954326629637,0.03945977926254264
bangkok,city,60,0.9044147944450378,0.04217914104461662
bangkok,city,80,0.9052177190780639,0.0429820656776428
bangkok,city,100,0.9057796978950501,0.043544044494628883
bangkok,country,1,0.8766689014434814,0.014433248043060279
bangkok,country,2,0.8787783765792847,0.01654272317886352
bangkok,country,5,0.88415602684021,0.021920373439788803
bangkok,country,10,0.8895765781402588,0.027340924739837603
bangkok,country,20,0.8919163608551026,0.02968070745468134
bangkok,country,40,0.8938468861579896,0.031611232757568344
bangkok,country,60,0.8950537300109863,0.0328180766105652
bangkok,country,80,0.8956834244728089,0.03344777107238772
bangkok,country,100,0.8976806926727295,0.03544503927230832
bangkok,country_loco,1,0.8723238205909729,0.01008816719055176
bangkok,country_loco,2,0.8766969060897827,0.014461252689361558
bangkok,country_loco,5,0.8823127031326294,0.0200770497322083
bangkok,country_loco,10,0.8861372566223145,0.023901603221893282
bangkok,country_loco,20,0.8888939833641052,0.02665832996368408
bangkok,country_loco,40,0.8909686493873596,0.02873299598693846
bangkok,country_loco,60,0.8900424838066101,0.02780683040618896
bangkok,country_loco,80,0.8920216202735901,0.02978596687316896
bangkok,country_loco,100,0.8918871712684631,0.02965151786804198
buenos_aires,city,1,0.7591632342338561,-0.02268254756927488
buenos_aires,city,2,0.7925377655029296,0.010691983699798579
buenos_aires,city,5,0.8188430666923523,0.03699728488922123
buenos_aires,city,10,0.8207182741165161,0.038872492313385035
buenos_aires,city,20,0.828744843006134,0.046899061203002954
buenos_aires,city,40,0.8333207893371581,0.051475007534027076
buenos_aires,city,60,0.8364006924629213,0.05455491065979003
buenos_aires,city,80,0.8364839625358581,0.05463818073272708
buenos_aires,city,100,0.8386802768707275,0.05683449506759648
buenos_aires,country,1,0.8054154562950135,0.02356967449188232
buenos_aires,country,2,0.8140156650543213,0.03216988325119017
buenos_aires,country,5,0.8150314259529114,0.03318564414978029
buenos_aires,country,10,0.8209857964515687,0.03914001464843755
buenos_aires,country,20,0.8263685083389282,0.04452272653579714
buenos_aires,country,40,0.8339321541786193,0.05208637237548826
buenos_aires,country,60,0.8314953160285949,0.0496495342254639
buenos_aires,country,80,0.8338817048072814,0.052035923004150365
buenos_aires,country,100,0.8325565958023071,0.05071081399917603
buenos_aires,country_loco,1,0.7883530068397522,0.006507225036621112
buenos_aires,country_loco,2,0.8039668774604797,0.02212109565734859
buenos_aires,country_loco,5,0.8137709212303161,0.03192513942718509
buenos_aires,country_loco,10,0.8140923285484314,0.032246546745300295
buenos_aires,country_loco,20,0.8205393767356872,0.038693594932556176
buenos_aires,country_loco,40,0.8215308380126952,0.039685056209564196
buenos_aires,country_loco,60,0.8204133772850037,0.038567595481872566
buenos_aires,country_loco,80,0.8236026430130003,0.04175686120986934
buenos_aires,country_loco,100,0.8191318726539611,0.0372860908508301
chengdu,city,1,0.789017276763916,0.01706800460815428
chengdu,city,2,0.7935504531860351,0.02160118103027342
chengdu,city,5,0.79822350025177,0.026274228096008278
chengdu,city,10,0.8029079055786132,0.030958633422851538
chengdu,city,20,0.8033925867080688,0.03144331455230714
chengdu,city,40,0.8079019832611085,0.03595271110534668
chengdu,city,60,0.8232353663444518,0.05128609418869018
chengdu,city,80,0.8226585006713867,0.05070922851562496
chengdu,city,100,0.8246702551841736,0.052720983028411814
chengdu,country,1,0.7945115494728088,0.0225622773170471
chengdu,country,2,0.7977797317504882,0.025830459594726518
chengdu,country,5,0.8030755996704102,0.031126327514648455
chengdu,country,10,0.8049343228340149,0.03298505067825318
chengdu,country,20,0.8056257700920104,0.03367649793624876
chengdu,country,40,0.8096829867362976,0.0377337145805359
chengdu,country,60,0.8096293735504151,0.0376801013946533
chengdu,country,80,0.8102550721168518,0.03830579996109002
chengdu,country,100,0.8090956854820253,0.0371464133262634
chengdu,country_loco,1,0.792686357498169,0.02073708534240721
chengdu,country_loco,2,0.7960988640785217,0.02414959192275998
chengdu,country_loco,5,0.798544397354126,0.026595125198364277
chengdu,country_loco,10,0.8040521907806397,0.03210291862487792
chengdu,country_loco,20,0.8068181943893432,0.034868922233581526
chengdu,country_loco,40,0.8042722392082216,0.032322967052459725
chengdu,country_loco,60,0.8064617156982422,0.034512443542480405
chengdu,country_loco,80,0.8048950886726379,0.032945816516876204
chengdu,country_loco,100,0.806393642425537,0.034444370269775385
johannesburg,city,1,0.7578346991539002,-0.007331140041351281
johannesburg,city,2,0.7774772810935974,0.01231144189834598
johannesburg,city,5,0.7891204357147217,0.0239545965194702
johannesburg,city,10,0.796292700767517,0.03112686157226558
johannesburg,city,20,0.8014198660850524,0.03625402688980104
johannesburg,city,40,0.8056339430809022,0.04046810388565064
johannesburg,city,60,0.8060686826705933,0.040902843475341774
johannesburg,city,80,0.8106860733032226,0.04552023410797116
johannesburg,city,100,0.8106175422668457,0.04545170307159426
johannesburg,country,1,0.77086008310318,0.0056942439079285
johannesburg,country,2,0.7839605379104614,0.01879469871520998
johannesburg,country,5,0.7914248824119567,0.026259043216705295
johannesburg,country,10,0.794363067150116,0.02919722795486448
johannesburg,country,20,0.7938786053657532,0.028712766170501704
johannesburg,country,40,0.7990600776672363,0.03389423847198482
johannesburg,country,60,0.8021355175971985,0.03696967840194702
johannesburg,country,80,0.8084813308715819,0.043315491676330545
johannesburg,country,100,0.8051258730888368,0.0399600338935852
johannesburg,country_loco,1,0.7637115240097045,-0.0014543151855468204
johannesburg,country_loco,2,0.7720502877235413,0.00688444852828978
johannesburg,country_loco,5,0.7786337995529176,0.01346796035766602
johannesburg,country_loco,10,0.7855737400054932,0.0204079008102417
johannesburg,country_loco,20,0.7895022106170655,0.02433637142181392
johannesburg,country_loco,40,0.7915007948875428,0.026334955692291256
johannesburg,country_loco,60,0.7938386917114257,0.028672852516174303
johannesburg,country_loco,80,0.7958483123779297,0.0306824731826782
johannesburg,country_loco,100,0.7954869866371155,0.030321147441864
lisbon,city,1,0.6484831547737121,-0.03247874736785887
lisbon,city,2,0.6871730947494508,0.006211192607879656
lisbon,city,5,0.7020541572570801,0.02109225511550904
lisbon,city,10,0.7191644501686096,0.03820254802703858
lisbon,city,20,0.7210952281951905,0.04013332605361938
lisbon,city,40,0.7287163043022156,0.04775440216064454
lisbon,city,60,0.7294795441627503,0.04851764202117924
lisbon,city,80,0.7274439764022828,0.04648207426071168
lisbon,city,100,0.7342783355712891,0.05331643342971802
lisbon,country,1,0.6936726093292236,0.012710707187652603
lisbon,country,2,0.7065526938438416,0.02559079170227051
lisbon,country,5,0.7147931694984436,0.03383126735687255
lisbon,country,10,0.7196201705932618,0.0386582684516907
lisbon,country,20,0.728168113231659,0.0472062110900879
lisbon,country,40,0.7233415389060974,0.04237963676452637
lisbon,country,60,0.7211217641830444,0.040159862041473385
lisbon,country,80,0.7275454783439637,0.04658357620239258
lisbon,country,100,0.7205305480957032,0.03956864595413208
lisbon,country_loco,1,0.6892172932624817,0.008255391120910626
lisbon,country_loco,2,0.7106168937683106,0.029654991626739513
lisbon,country_loco,5,0.7115488076210023,0.03058690547943117
lisbon,country_loco,10,0.7178322792053222,0.036870377063751236
lisbon,country_loco,20,0.7208192038536072,0.03985730171203613
lisbon,country_loco,40,0.7278055620193482,0.04684365987777713
lisbon,country_loco,60,0.7175748324394225,0.036612930297851565
lisbon,country_loco,80,0.724808897972107,0.0438469958305359
lisbon,country_loco,100,0.7233289742469788,0.04236707210540772
los_angeles,city,1,0.7822836971282958,0.013144667148590042
los_angeles,city,2,0.7913197016716003,0.0221806716918945
los_angeles,city,5,0.7921532130241393,0.02301418304443354
los_angeles,city,10,0.7973601174354553,0.0282210874557495
los_angeles,city,20,0.8011891508102418,0.032050120830535815
los_angeles,city,40,0.8110530161857605,0.04191398620605462
los_angeles,city,60,0.8174455142021179,0.04830648422241202
los_angeles,city,80,0.8200767612457275,0.050937731266021614
los_angeles,city,100,0.8234890747070311,0.05435004472732534
los_angeles,country,1,0.7918405652046203,0.022701535224914502
los_angeles,country,2,0.7918123698234558,0.02267333984374996
los_angeles,country,5,0.8000708270072938,0.03093179702758786
los_angeles,country,10,0.8037766909599304,0.03463766098022454
los_angeles,country,20,0.8047967219352723,0.03565769195556634
los_angeles,country,40,0.8090859365463257,0.0399469065666198
los_angeles,country,60,0.811002836227417,0.04186380624771114
los_angeles,country,80,0.8123450088500977,0.0432059788703918
los_angeles,country,100,0.8116416501998902,0.04250262022018428
los_angeles,country_loco,1,0.7883142256736756,0.0191751956939697
los_angeles,country_loco,2,0.7935631585121155,0.0244241285324096
los_angeles,country_loco,5,0.7972165727615357,0.02807754278182974
los_angeles,country_loco,10,0.7982228541374207,0.02908382415771476
los_angeles,country_loco,20,0.8042035579681397,0.03506452798843378
los_angeles,country_loco,40,0.8042863869667054,0.03514735698699948
los_angeles,country_loco,60,0.8042482566833495,0.03510922670364376
los_angeles,country_loco,80,0.8081632471084594,0.0390242171287536
los_angeles,country_loco,100,0.8073501753807069,0.0382111454010009
luanda,city,1,0.7834180498123169,-0.03858890295028685
luanda,city,2,0.7756079268455505,-0.04639902591705325
luanda,city,5,0.7863101696968078,-0.03569678306579589
luanda,city,10,0.8189083051681518,-0.0030986475944518865
luanda,city,20,0.8459538221359253,0.02394686937332151
luanda,city,40,0.8525486373901368,0.030541684627532973
luanda,city,60,0.8567901682853698,0.03478321552276611
luanda,city,80,0.8678083276748657,0.04580137491226197
luanda,city,100,0.8668972563743591,0.04489030361175539
luanda,country,1,0.7939578199386597,-0.0280491328239441
luanda,country,2,0.7899615097045898,-0.03204544305801391
luanda,country,5,0.8232014966011046,0.0011945438385009943
luanda,country,10,0.8339451527595519,0.011938199996948229
luanda,country,20,0.8474144196510315,0.02540746688842772
luanda,country,40,0.8478175044059754,0.025810551643371583
luanda,country,60,0.8530884552001954,0.031081502437591557
luanda,country,80,0.8589576363563538,0.03695068359375
luanda,country,100,0.8561101174354553,0.03410316467285155
luanda,country_loco,1,0.7973562932014465,-0.024650659561157216
luanda,country_loco,2,0.8056309413909911,-0.016376011371612532
luanda,country_loco,5,0.8044256663322449,-0.0175812864303589
luanda,country_loco,10,0.8046027112007141,-0.017404241561889643
luanda,country_loco,20,0.818837571144104,-0.003169381618499734
luanda,country_loco,40,0.8289579892158508,0.006951036453247061
luanda,country_loco,60,0.8314341735839843,0.009427220821380634
luanda,country_loco,80,0.833969988822937,0.011963036060333266
luanda,country_loco,100,0.8422297573089599,0.020222804546356166
manchester,city,1,0.7041037392616272,-0.023745646476745617
manchester,city,2,0.7266047859191895,-0.0012445998191833452
manchester,city,5,0.7470867228507996,0.019237337112426745
manchester,city,10,0.7547022771835328,0.0268528914451599
manchester,city,20,0.7570573306083679,0.029207944869995072
manchester,city,40,0.7740667033195495,0.04621731758117673
manchester,city,60,0.7884870219230652,0.06063763618469233
manchester,city,80,0.7908776950836182,0.06302830934524536
manchester,city,100,0.7943502831459045,0.0665008974075317
manchester,country,1,0.7529716539382935,0.02512226819992065
manchester,country,2,0.7590936756134032,0.031244289875030494
manchester,country,5,0.7740021419525147,0.04615275621414183
manchester,country,10,0.7826351642608642,0.054785778522491425
manchester,country,20,0.7904793429374695,0.06262995719909667
manchester,country,40,0.793615963459015,0.0657665777206421
manchester,country,60,0.7953356456756591,0.06748625993728634
manchester,country,80,0.7936138200759888,0.06576443433761596
manchester,country,100,0.7938065624237061,0.06595717668533323
manchester,country_loco,1,0.7515004825592041,0.023651096820831285
manchester,country_loco,2,0.7568143582344055,0.028964972496032693
manchester,country_loco,5,0.7775696635246276,0.04972027778625485
manchester,country_loco,10,0.784515073299408,0.05666568756103514
manchester,country_loco,20,0.7872197079658508,0.059370322227478
manchester,country_loco,40,0.7897673940658569,0.061918008327484154
manchester,country_loco,60,0.7910493469238281,0.06319996118545532
manchester,country_loco,80,0.7921586656570435,0.06430927991867064
manchester,country_loco,100,0.791851704120636,0.06400231838226315
melbourne,city,1,0.7287872123718262,-0.01091997146606442
melbourne,city,2,0.7431666016578674,0.0034594178199767794
melbourne,city,5,0.7573763275146485,0.01766914367675774
melbourne,city,10,0.7669009518623352,0.02719376802444448
melbourne,city,20,0.7709903740882874,0.0312831902503967
melbourne,city,40,0.7720048189163208,0.03229763507843012
melbourne,city,60,0.7763521003723144,0.03664491653442376
melbourne,city,80,0.7739205598831177,0.034213376045227
melbourne,city,100,0.7762097573280334,0.03650257349014274
melbourne,country,1,0.7637566208839417,0.02404943704605096
melbourne,country,2,0.7645614099502563,0.02485422611236568
melbourne,country,5,0.769267246723175,0.029560062885284337
melbourne,country,10,0.7735170269012451,0.03380984306335444
melbourne,country,20,0.7756897830963135,0.03598259925842276
melbourne,country,40,0.7795690393447876,0.0398618555068969
melbourne,country,60,0.7842474293708801,0.044540245532989395
melbourne,country,80,0.7804318499565125,0.040724666118621744
melbourne,country,100,0.7823413300514221,0.0426341462135314
melbourne,country_loco,1,0.7628622674942017,0.02315508365631098
melbourne,country_loco,2,0.7653278017044067,0.025620617866516045
melbourne,country_loco,5,0.7661163067817688,0.02640912294387814
melbourne,country_loco,10,0.7692147040367127,0.02950752019882194
melbourne,country_loco,20,0.7720997643470764,0.03239258050918574
melbourne,country_loco,40,0.7785232090950013,0.03881602525711052
melbourne,country_loco,60,0.7777027058601379,0.037995522022247256
melbourne,country_loco,80,0.7805303382873535,0.04082315444946278
melbourne,country_loco,100,0.7795945811271667,0.03988739728927606
montreal,city,1,0.6709448790550232,-0.013027670383453321
montreal,city,2,0.6909857082366944,0.00701315879821772
montreal,city,5,0.7113861393928528,0.027413589954376184
montreal,city,10,0.7297811174392701,0.0458085680007934
montreal,city,20,0.7322832179069519,0.0483106684684753
montreal,city,40,0.7404412841796875,0.056468734741210905
montreal,city,60,0.7519655203819274,0.06799297094345085
montreal,city,80,0.7576299190521241,0.0736573696136474
montreal,city,100,0.7519154119491577,0.06794286251068113
montreal,country,1,0.713447904586792,0.02947535514831537
montreal,country,2,0.7255594110488891,0.04158686161041254
montreal,country,5,0.7335822439193725,0.04960969448089596
montreal,country,10,0.7473909139633179,0.06341836452484124
montreal,country,20,0.7476906299591064,0.06371808052062984
montreal,country,40,0.7590527629852295,0.07508021354675286
montreal,country,60,0.7595502781867982,0.0755777287483215
montreal,country,80,0.759126226902008,0.07515367746353144
montreal,country,100,0.7633191823959351,0.07934663295745846
montreal,country_loco,1,0.714230432510376,0.03025788307189938
montreal,country_loco,2,0.7226940488815308,0.038721499443054155
montreal,country_loco,5,0.7284214687347412,0.04444891929626462
montreal,country_loco,10,0.7330223059654235,0.049049756526947
montreal,country_loco,20,0.742823646068573,0.0588510966300964
montreal,country_loco,40,0.7513006448745727,0.06732809543609615
montreal,country_loco,60,0.7534402084350587,0.06946765899658199
montreal,country_loco,80,0.7593280076980591,0.0753554582595825
montreal,country_loco,100,0.7551296305656433,0.0711570811271667
mumbai,city,1,0.7396998548507691,-0.0182405734062194
mumbai,city,2,0.7613015532493591,0.0033611249923706
mumbai,city,5,0.79335942029953,0.03541899204254152
mumbai,city,10,0.7992363476753235,0.04129591941833498
mumbai,city,20,0.8053009486198425,0.04736052036285398
mumbai,city,40,0.8093349432945252,0.05139451503753663
mumbai,city,60,0.8069091153144836,0.04896868705749512
mumbai,city,80,0.812364046573639,0.05442361831665038
mumbai,city,100,0.814854097366333,0.05691366910934446
mumbai,country,1,0.7903694462776184,0.032429018020629884
mumbai,country,2,0.790848650932312,0.032908222675323465
mumbai,country,5,0.7961331963539123,0.03819276809692384
mumbai,country,10,0.7933751106262207,0.03543468236923218
mumbai,country,20,0.800215573310852,0.042275145053863525
mumbai,country,40,0.8047966933250427,0.04685626506805417
mumbai,country,60,0.8085156345367432,0.05057520627975463
mumbai,country,80,0.8118196535110475,0.05387922525405882
mumbai,country,100,0.8081796836853027,0.0502392554283142
mumbai,country_loco,1,0.7848278594017029,0.026887431144714362
mumbai,country_loco,2,0.7888995075225831,0.030959079265594457
mumbai,country_loco,5,0.7903573417663574,0.032416913509368914
mumbai,country_loco,10,0.7902556991577148,0.03231527090072632
mumbai,country_loco,20,0.7997502994537353,0.04180987119674682
mumbai,country_loco,40,0.7967147707939148,0.03877434253692626
mumbai,country_loco,60,0.7966997051239014,0.03875927686691284
mumbai,country_loco,80,0.7969946241378784,0.03905419588088988
mumbai,country_loco,100,0.8049060440063476,0.04696561574935912
nairobi,city,1,0.818885109424591,-0.018091404438018842
nairobi,city,2,0.8176375532150268,-0.01933896064758305
nairobi,city,5,0.8402925276756287,0.0033160138130187587
nairobi,city,10,0.8447057700157166,0.007729256153106689
nairobi,city,20,0.8480416941642762,0.011065180301666233
nairobi,city,40,0.8497402787208557,0.012763764858245819
nairobi,city,60,0.8484897708892822,0.01151325702667234
nairobi,city,80,0.8499573993682862,0.01298088550567622
nairobi,city,100,0.8494641947746278,0.012487680912017796
nairobi,country,1,0.8222499036788941,-0.01472661018371586
nairobi,country,2,0.8369615840911866,-1.4929771423344285e-05
nairobi,country,5,0.8405622601509094,0.0035857462882995295
nairobi,country,10,0.8406602549552918,0.0036837410926818803
nairobi,country,20,0.8462100839614868,0.009233570098876931
nairobi,country,40,0.850719187259674,0.013742673397064165
nairobi,country,60,0.8477503967285156,0.010773882865905726
nairobi,country,80,0.8499105167388915,0.012934002876281636
nairobi,country,100,0.8490736317634584,0.01209711790084842
nairobi,country_loco,1,0.8309153318405151,-0.00606118202209478
nairobi,country_loco,2,0.827302348613739,-0.00967416524887088
nairobi,country_loco,5,0.8304972863197326,-0.0064792275428772195
nairobi,country_loco,10,0.8382390594482422,0.001262545585632302
nairobi,country_loco,20,0.8412452411651612,0.004268727302551301
nairobi,country_loco,40,0.8424123644828796,0.005435850620269722
nairobi,country_loco,60,0.8405503821372985,0.003573868274688685
nairobi,country_loco,80,0.8460485863685607,0.009072072505950856
nairobi,country_loco,100,0.8454396724700928,0.008463158607482878
osaka,city,1,0.8511092686653138,-0.01240800380706784
osaka,city,2,0.8712747359275819,0.00775746345520016
osaka,city,5,0.8803546380996703,0.01683736562728878
osaka,city,10,0.8858593416213989,0.022342069149017284
osaka,city,20,0.8890163850784301,0.025499112606048518
osaka,city,40,0.8999205923080444,0.03640331983566278
osaka,city,60,0.9056503033638,0.0421330308914184
osaka,city,80,0.9090254569053651,0.04550818443298334
osaka,city,100,0.9106441593170166,0.04712688684463492
osaka,country,1,0.8831564664840699,0.019639194011688205
osaka,country,2,0.8859190726280213,0.0224018001556396
osaka,country,5,0.8919135546684267,0.028396282196044897
osaka,country,10,0.8967938089370728,0.03327653646469104
osaka,country,20,0.898683533668518,0.035166261196136424
osaka,country,40,0.9011673069000243,0.03765003442764272
osaka,country,60,0.9033212637901306,0.03980399131774894
osaka,country,80,0.9034707140922548,0.03995344161987302
osaka,country,100,0.9035303664207458,0.04001309394836416
osaka,country_loco,1,0.8799475169181823,0.016430244445800782
osaka,country_loco,2,0.8832724642753602,0.0197551918029785
osaka,country_loco,5,0.8902402067184448,0.026722934246063194
osaka,country_loco,10,0.8925235366821289,0.029006264209747258
osaka,country_loco,20,0.8946722483634948,0.031154975891113223
osaka,country_loco,40,0.8969882535934449,0.033470981121063156
osaka,country_loco,60,0.8995669531822206,0.03604968070983882
osaka,country_loco,80,0.8994723296165466,0.035955057144165
osaka,country_loco,100,0.8993798971176148,0.03586262464523304
paris,city,1,0.7788387131690979,-0.01398230075836178
paris,city,2,0.7933512639999389,0.00053025007247924
paris,city,5,0.8102167439460753,0.017395730018615715
paris,city,10,0.815580062866211,0.02275904893875122
paris,city,20,0.823425223827362,0.030604209899902323
paris,city,40,0.8302901482582092,0.0374691343307495
paris,city,60,0.8333658981323243,0.040544884204864504
paris,city,80,0.833780484199524,0.04095947027206416
paris,city,100,0.8345028018951416,0.0416817879676819
paris,country,1,0.8102783322334289,0.01745731830596926
paris,country,2,0.8124715971946717,0.0196505832672119
paris,country,5,0.8189213871955872,0.026100373268127464
paris,country,10,0.8231809377670288,0.03035992383956908
paris,country,20,0.8273243546485901,0.03450334072113036
paris,country,40,0.8302270007133483,0.037405986785888676
paris,country,60,0.8313684558868408,0.03854744195938104
paris,country,80,0.8327279686927795,0.039906954765319795
paris,country,100,0.8324457144737243,0.03962470054626466
paris,country_loco,1,0.8072514414787293,0.014430427551269559
paris,country_loco,2,0.8098409056663514,0.01701989173889162
paris,country_loco,5,0.8148315572738648,0.022010543346405
paris,country_loco,10,0.8236872553825378,0.03086624145507814
paris,country_loco,20,0.8269333887100221,0.03411237478256224
paris,country_loco,40,0.8264495086669921,0.03362849473953244
paris,country_loco,60,0.8288601565361023,0.036039142608642535
paris,country_loco,80,0.8259453749656677,0.033124361038208
paris,country_loco,100,0.8286902117729188,0.03586919784545898
rio_de_janeiro,city,1,0.7956184434890747,-0.00882696628570552
rio_de_janeiro,city,2,0.811444354057312,0.00699894428253168
rio_de_janeiro,city,5,0.8325362992286681,0.028090889453887914
rio_de_janeiro,city,10,0.8394426822662353,0.03499727249145504
rio_de_janeiro,city,20,0.8426379966735841,0.03819258689880368
rio_de_janeiro,city,40,0.8418155288696288,0.03737011909484854
rio_de_janeiro,city,60,0.8411517667770386,0.03670635700225822
rio_de_janeiro,city,80,0.8447255110740661,0.0402801012992858
rio_de_janeiro,city,100,0.8442662596702576,0.0398208498954772
rio_de_janeiro,country,1,0.8320917749404908,0.02764636516571038
rio_de_janeiro,country,2,0.8328174471855163,0.028372037410736017
rio_de_janeiro,country,5,0.8409407687187194,0.03649535894393912
rio_de_janeiro,country,10,0.8418273115158081,0.037381901741027776
rio_de_janeiro,country,20,0.8422305417060851,0.03778513193130484
rio_de_janeiro,country,40,0.838773171901703,0.03432776212692252
rio_de_janeiro,country,60,0.8414929056167603,0.037047495841979985
rio_de_janeiro,country,80,0.8413699674606324,0.036924557685852025
rio_de_janeiro,country,100,0.8421205019950866,0.037675092220306364
rio_de_janeiro,country_loco,1,0.8284010910987855,0.02395568132400506
rio_de_janeiro,country_loco,2,0.8337652873992919,0.02931987762451162
rio_de_janeiro,country_loco,5,0.8363756847381592,0.03193027496337882
rio_de_janeiro,country_loco,10,0.8378649306297301,0.033419520854949904
rio_de_janeiro,country_loco,20,0.8410200643539429,0.03657465457916252
rio_de_janeiro,country_loco,40,0.8433493661880493,0.038903956413269006
rio_de_janeiro,country_loco,60,0.8404393172264099,0.03599390745162958
rio_de_janeiro,country_loco,80,0.8433360147476197,0.03889060497283926
rio_de_janeiro,country_loco,100,0.8386294770240784,0.034184067249298
