scope,poi_retained_pct,r2,delta_r2
city,0,0.7773689459164939,0.0
city,1,0.7651551736195882,-0.012213772296905498
city,2,0.7806557806332907,0.0032868347167968564
city,5,0.7960158209800721,0.01864687506357827
city,10,0.8054530906677246,0.028084144751230854
city,20,0.8110041433970133,0.03363519748051959
city,40,0.8172322936058044,0.03986334768931068
city,60,0.8217470839818318,0.0443781380653381
city,80,0.8241770928700766,0.04680814695358273
city,100,0.8253746269543966,0.0480056810379028
country,0,0.7773689459164939,0.0
country,1,0.7930166058540344,0.01564765993754067
country,2,0.7980729155540467,0.020703969637552874
country,5,0.8064717485109966,0.02910280259450275
country,10,0.8111054871877034,0.03373654127120969
country,20,0.8151128228505452,0.03774387693405148
country,40,0.8183125473658244,0.04094360144933061
country,60,0.8196739335060119,0.0423049875895182
country,80,0.8213080248832703,0.0439390789667765
country,100,0.8205038757324219,0.04313492981592812
country_loco,0,0.7773689459164939,0.0
country_loco,1,0.79012659629186,0.0127576503753662
country_loco,2,0.7964360434214274,0.019067097504933645
country_loco,5,0.8013908255894979,0.024021879673004135
country_loco,10,0.8053223950068156,0.027953449090321835
country_loco,20,0.8103585638999938,0.03298961798350014
country_loco,40,0.8129885314305623,0.03561958551406858
country_loco,60,0.8128214871088664,0.035452541192372615
country_loco,80,0.8151415826479594,0.03777263673146563
country_loco,100,0.8152953198750814,0.03792637395858761
