.gitignore,47,186a7e36576e30dd795b27b3d5485c0956483cf71ef2d96f47004e9292f70c4b
CITATION.cff,715,297785b64de480172893a95b3fb9d0d97e6c1cb20f20bacd83eb4c2ce6c03be6
LICENSE,288,3063211ded9d182c9ad199a8ddd863be4616d346d172095f39d7d76e27d1d5a5
LICENSE-CODE,1069,89cbac6a819c42c492030748dc257334bca56043b00a7877ec7494989599b470
LICENSE-DATA,340,ff3b725a6cb4faeaaa42ff2bfa3fb96565fa463ad39868b4f70a11f6f3b42c7b
PROTOCOL.md,6369,90e01ef4a3ee477e0b40949a65e9475516f194171b9b58e162bc34978d97d13d
README.md,3306,c4012bcb6ccfaa1683d457c611fe55b862895a2ab1fb7dd5054785f18d22136c
audit/PROVENANCE.json,1362,6f314394605c18b420e9a4bd200d6131bc343a9a56953a2a7249677e841bc8da
audit/VALIDATION.md,1127,0fa9c678ac77b80983602af8ad989896a2f22a2577f9ec84bbe9e6b59ec6492f
audit/release_audit.json,2015,28c66588c594bf7aaf2559a71e40ce02583cdb8698ba5bc8f171aa1165027a55
checkpoints/PURE_epoch0010.pth,14496057,1d28187773ae71637739ffdc0e5c0ce8633815b222e8ccc2b150d2d4f219505d
code/configs/train_pure.yaml,2067,8bfe8dfe5ed991e55e39c503147ffaa86688ed97065933f7efd6e7b39784f790
code/data/audit_feature_store.py,4406,9115520e0d989eb340a74c8d5c2f4b5a00129dd542202b800c59de26aafc85cc
code/data/encode_qwen_taxonomy.py,9000,356e8fd6d2c815a4a5955cde4db59db41b02f83f1233946f5c98ea6f427c83e9
code/data/prepare_feature_store.py,6528,bbaf94c3b93b80e24e0756caf210111f4eef70ffc69a2ed286423c80315ad695
code/evaluation/aether_raster_io.py,43128,78c7e4ae93d8b885dd8db2c70d896c48f8d8a9cb60cb4dcfe278ce2faf120201
code/evaluation/build_area_average_cache.py,31015,140ddd092a7c79e7ebc96ae06111b47fdde6c261ec9fc4b17cd0e54d49e19485
code/evaluation/run_country_benchmark.py,5329,76df0dee8cbb6ad544b0e5064a505833c0992519b1e443dc686309790e924986
code/evaluation/train_downstream_heads.py,49589,2c4e47dc2c1fb9fe64422a8636094e163f5784ab7950c30f6155faca470e4d79
code/figures/analyze_transfer_associations.py,6197,cd48cf1f5385d62e919b300a8ae4caa0877df39d705ec9cc18c10ec52aa293d8
code/figures/plot_figure1.py,5822,efb5c795e2355a4a714fc54aa0c87a64346b4d8aa454607283bf7d9001ca4ee1
code/figures/plot_figure2.py,12190,53395765cec93312bee0a0bbde3ce72e51d1b8270d7ee535bab7c4ef41f7d972
code/figures/plot_figure3.py,10768,940e657c8fa188b12208ae38bb233674a79bde1fc93f4b3604f6f32590290a4c
code/figures/plot_transferability_base.py,2550,071f49877d987e0cd2e9334c4a41490b0941c411e8ceca422b47d857bb8e644b
code/model.py,8255,8c54c666655e1cadeb2efccda13650b6937ceb429c0c44ff7d029a5a4609ded1
code/spatial_sampling.py,35320,59cdb6c9c1b10345be742b03115c9f1e07a6ff8ac7fbe075053d04502bab0bf6
code/training/train_global_aether.py,44556,ed3298a51bec224468e48c246be69960f4f19c0ebe1a4e4a9d512eb3c7a5177b
code/training_utils.py,215,9d09ee26dac07fc5646b966f427049eb57e0d14ce7a71b7ae628a491f093d11c
code/transfer/run_city_evaluation.py,13018,c4c19665b0fdcf160fd2691f2eb68f7e35a3b8653a82987a5a5251c782925de0
code/transfer/run_transfer_experiments.py,20280,afc9eae302da85887b5818a29e506060ba24d5bf0471a5ddcd85948df65686a0
code/transfer/spatial_support.py,3068,eed2f5355e0d89142e13a901f288909dfad90459efba40cd010f280bebe5485e
code/transfer/summarize_transfer_results.py,8022,ae73d6ad565836cdd5cd3d2e14a4e9ee4617827abb4c59e3fac8bed130133611
environment.yml,505,8f18389bd9687d4f0c0cf7f00c0470d9ed8aa6cf42a86b7fe47bbb8868c11af1
figures/Figure1.png,1776749,0f40cf09523863af0610bfa257ab5bb9a9955ccdeba086bbc81532cbe0131584
figures/Figure2.png,1085517,33e18dff3a9783e5536bb61969ec2dc1e1bae990549600aae4798c6f3e435f49
figures/Figure3.png,4969003,46990534aec0f1e9afb0e07f5cf6f5dd6688473d5b67fd711da84b812c9cf042
figures/source/Figure3_panel_a_illustration.png,2168395,314228256170c881498f621044634a1b39a7ad4f66c2212c447422b6046162f4
requirements.txt,285,80d5c2e82e608d3bc6bb9b8d2acf6d62a0a4653a72e17249e519c75bad268248
results/main/figure2_continent_poi_summary.csv,696,8d41792f9cba3100073e1bf6fc9efe165c9f46143dea93c01c4b083f29d5c6c0
results/main/figure2_continent_task_gain.csv,2487,df8fa1353ed390c956686b3a29493a8759ee22328bc358aa8358575a246b39d7
results/main/figure2_country_poi_population.csv,35107,98cc6b8771f57f3cfb214fb6780d2c944b04ffc6c7c7803df098a4e8d121534a
results/main/figure2_country_r2_mad.csv,245,732435d5d63332dc14736aa9533f09f30f8b00f5fec42958b0677fe6c1d8b936
results/main/figure2_country_scatter_points.csv,147605,6441ca2a62d71f223c01f146f4dc68e33e7606409c63bf337b009ea45dcc58ee
results/main/figure2_sample_filter_audit.json,718,f5d488be0c880fa1f0bc3581b0401f8a4a2fdfd1571cb20233c66ad27415cc18
results/main/global_five_task_country_seed.csv,318486,44002554bb7b1717ff54a233ab24a764d0773364f7641f09be44f7845e71b002
results/main/global_five_task_summary.csv,1094,737606363d74f03967bc28dae0a75c9a6d6c559110d9aa8cfaa4ac0f6e50a5da
results/transfer/aef_city_task_baseline.csv,4587,dc19d5553df38f90ebb230f2625659fcdee94a380f27cf9c5a3facf079068543
results/transfer/country_transfer_15x15_delta_matrix.csv,5107,a6e3ed7872d8c0994647c4269d9000499f90fa7ba184c9fc346e7a3dea5693ab
results/transfer/country_transfer_mixed_effects.csv,340,b0973b3290482c4f600eacb5fdd204597a45a79a47f6c8a30891e9c807ee94b9
results/transfer/country_transfer_mixed_effects.json,1292,5b69ab61d9a2deeeccfe1e143492a8aff5cf7a4cb39fef5160189ab20933cbf6
results/transfer/country_transfer_pairs.csv,23016,7044056c658c3fcc3d8181c69aec51b3fb7710f7597f44facd2add6bf46d9363
results/transfer/country_transfer_pairs_with_predictors.csv,46322,e3f1a9a6e47c8a58b8bdcd4b086e7af6f6a91118d6d435b0d5252b571df388f0
results/transfer/country_transfer_summary.json,292,c579ac63d680f9fd5d61e8766aeec51979b323a1eb525785e2c3a42da0afb034
results/transfer/country_transfer_task.csv,140764,8ea9490446c637e77877e40be9ea0aa6aefed0d01ced7f057d27bf0dc7a3e29e
results/transfer/poi_fraction_city_task.csv,229763,13b2ca8cf287bcc3f3346bcc99a972e3b50096784956db636dfd43b3d5676df2
results/transfer/poi_fraction_completion_audit.json,567,3c1c19105ec8e43673b21ec01c30d857747454150a0056fa2a78c1b575c1c960
results/transfer/poi_fraction_three_scopes_by_city.csv,24308,377c22bc6cbf5a33de9f9dfe09342a89bc4b7841cef3069423e4230a230a0e03
results/transfer/poi_fraction_three_scopes_mean.csv,1501,93f361dca073363bef4da15e3d78c973f5aa034282553c96d5ba09de014806af
results/transfer/source_capital_coordinates.csv,949,ffbb67fac856b382afc96ad77834f83f8f10cd656dcacb971c8531cc25b65764
results/transfer/target_city_settlement_centroids.csv,1483,2a8f90189c78725c29c53bee7356b98aedc63c2cd5bb2be20d5505d020443f17
